Age,Gender,Whatsapp,Instagram,Snapchat,Telegram,Facebook,BeReal,TikTok,WeChat,Twitter,Linkedin,Messages,TotalSocialMediaScreenTime,Number of times opened (hourly intervals),Daily Usage Hours,App Switching Frequency,Notification Response Time,Screen Time Awareness,Social Pressure,FOMO Level,Sleep Quality,Academic Performance,Content Type Preference,Purchase via Social Media,SocialMediaAddiction
18,Male,8.9,7.1,1.9,0.02,0,0,0,0,0,4.5,0.1,22.52,111,6.5,High,Immediate,Low,High,Very High,Poor,Average,Entertainment,Yes,Addicted
19,Female,11.85,11.16,2.45,0.06,0,0,0,0,0,5.5,0.04,31.06,119,7.2,Very High,Immediate,Low,Very High,Very High,Very Poor,Below Average,Entertainment,Yes,Addicted
20,Female,12.25,16.75,3.25,0.01,0,0,0,0,0,9.5,0.01,41.77,124,8,Very High,Immediate,Very Low,Very High,Very High,Very Poor,Below Average,Entertainment,Yes,Addicted
18,Male,12.33,12.9,3.12,0.06,0,0,0,0,0,9,0.2,37.61,121,7.8,High,Immediate,Low,High,Very High,Poor,Average,Entertainment,Yes,Addicted
19,Female,8.5,11.9,1.9,0.05,0,0,0,0,0,7.5,0.1,29.95,116,7,High,Immediate,Low,High,Very High,Poor,Average,Entertainment,Yes,Addicted
20,Male,9.5,11.25,1.2,0.16,0,0,0,0,0,8,0.01,30.12,115,6.8,High,Immediate,Low,High,Very High,Poor,Average,Entertainment,Yes,Addicted
18,Female,8.25,11.75,1.67,0,0,0,0,0,0,6.5,0,28.17,113,6.5,High,Immediate,Low,High,High,Poor,Average,Entertainment,Yes,Addicted
10,Male,5.7,12,2,0.25,0,0.35,0,0,0,2.5,0.2,23,150,5.5,Very High,Immediate,Medium,Medium,High,Fair,Below Average,Entertainment,Yes,Addicted
20,Female,4.5,7.25,1.4,0.35,0,0.21,0,0,0,2.67,0.8,17.18,121,5,High,Moderate,Medium,Medium,High,Fair,Average,Entertainment,No,Addicted
18,Male,6.8,4.5,2.1,0.33,0,0.65,0,0,0,1.55,0.5,16.43,110,4.8,High,Moderate,Medium,Medium,Medium,Fair,Average,Mixed,No,Addicted
19,Female,5.9,3.5,3.25,0.72,0,0.42,0,0,0,1.95,0.4,16.14,85,4.5,Medium,Moderate,Medium,Low,Medium,Good,Good,Mixed,No,Not Addicted
20,Male,5.5,4.5,1.35,0.82,0,0.15,0,0,0,0.85,0.7,13.87,69,4,Medium,Moderate,High,Low,Low,Good,Good,Mixed,No,Not Addicted
21,Female,6.2,7,2.5,0.96,0,0.14,0,0,0,0.25,0,17.05,200,5.2,High,Immediate,Low,Medium,High,Fair,Average,Entertainment,Yes,Addicted
10,Male,5.7,6.5,2.1,0.59,0,0.32,0,0,0,1.7,0.5,17.41,124,5,High,Moderate,Medium,Medium,Medium,Fair,Average,Entertainment,Yes,Addicted
19,Female,10.5,14.8,12.1,0,0,0,0,0,0.5,2.3,0,40.2,88,6,Very High,Slow,Low,Medium,Very High,Fair,Below Average,Entertainment,Yes,Not Addicted
18,Male,5.2,8,4,0,0,0,0,0,0.2,2,0,19.4,95,5.5,High,Moderate,Medium,Low,Medium,Good,Average,Mixed,No,Not Addicted
20,Female,3.3,4,4.3,0,0,5.4,0,0,1.2,1.5,0,19.7,30,3.5,Medium,Moderate,High,Low,Low,Excellent,Excellent,Mixed,No,Not Addicted
21,Male,3.5,7,10,0,0,8.6,0,0,0,1,0,30.1,100,5.5,High,Slow,Medium,Medium,High,Good,Average,Entertainment,Yes,Not Addicted
19,Female,5.23,6.3,7.12,0,0,1.57,0,0,0,1,2.13,23.35,80,5,High,Moderate,Medium,Low,Medium,Good,Good,Mixed,No,Not Addicted
20,Male,4.3,12.3,5.2,0,0,0.5,0,0,0,3,1.37,26.67,128,6,High,Immediate,Low,High,High,Fair,Average,Entertainment,Yes,Addicted
22,Female,3.7,11.2,4.3,0,0,0.2,0,0,0,2,1.7,23.1,75,5.5,High,Moderate,Medium,Low,Medium,Good,Good,Mixed,No,Not Addicted
10,Male,8.4,5.8,0.28,0,0,0,0,0,0,0.68,0,15.16,135,5.2,High,Immediate,Low,High,High,Fair,Average,Entertainment,Yes,Addicted
19,Female,5.73,10.25,1.2,0,0,0,0,0,0,0.45,0,17.63,150,5.5,Very High,Immediate,Low,High,Very High,Poor,Average,Entertainment,Yes,Addicted
21,Male,4.2,9.75,1.15,0,0,0,0,0,0,0.25,0,15.35,108,5.2,High,Moderate,Medium,Low,Medium,Fair,Good,Mixed,No,Addicted
20,Female,5.25,5,1.15,0,0,0,0,0,0,0.49,0,11.89,128,5.5,High,Immediate,Low,High,Very High,Poor,Average,Entertainment,Yes,Addicted
22,Male,5,8.5,1,0,0,0,0,0,0,1,0,15.5,80,4.8,Medium,Moderate,High,Low,Low,Good,Good,Mixed,No,Not Addicted
18,Female,6,6.5,1.2,0,0,0,0,0,0,0.8,0,14.5,102,5,Medium,Moderate,High,Low,Low,Good,Good,Mixed,No,Not Addicted
19,Male,7.5,8.9,0.8,0,0,0,0,0,0,0.75,0,17.95,115,5.5,High,Moderate,Medium,Low,Medium,Good,Average,Mixed,No,Addicted
20,Female,7.5,4.9,9.5,0.06,0,0,0,0,0,21.9,0,43.86,95,6.5,Very High,Slow,Low,Low,High,Fair,Below Average,Entertainment,No,Not Addicted
21,Male,8.9,7.8,8.6,0.06,0,0,0,0,0,22.8,0,48.16,106,7,Very High,Slow,Low,Low,High,Fair,Below Average,Entertainment,No,Addicted
22,Female,3.9,15.1,2.7,0,0,0,0,0,0,13.8,0,35.5,94,5.5,High,Moderate,Medium,Low,Medium,Good,Good,Mixed,No,Not Addicted
11,Male,4.6,8.6,0,0,0,0,0,0,10.2,0,23.4,121,6,High,Immediate,Low,High,High,Fair,Average,Entertainment,Yes,Addicted
21,Female,6.7,11.1,0,,0,0,0,0,0,12.6,0,30.4,112,6,High,Immediate,Low,High,High,Fair,Average,Entertainment,Yes,Addicted
22,Male,7.7,10.2,0,0,0,0,0,0,13.1,0,31,123,6,High,Immediate,Low,High,High,Fair,Average,Entertainment,Yes,Addicted
23,Female,8.4,12.7,0,0,0,0,0,0,9.2,0.8,31.1,128,6,High,Immediate,Low,High,High,Fair,Average,Entertainment,Yes,Addicted
24,Male,8.38,12.36,1.4,0,0.2,0,0,0,0,0.04,0.9,23.28,93,5.5,High,Moderate,Medium,Low,Medium,Good,Good,Mixed,No,Not Addicted
22,Female,5.42,16.25,1.5,0,0.1,0,0,0,0,0.13,1.12,24.52,115,6,High,Immediate,Low,High,High,Fair,Average,Entertainment,Yes,Addicted
23,Male,5.52,22.29,1.46,0,0.14,0,0,0,0,0.11,1.16,30.68,115,6,High,Immediate,Low,High,High,Fair,Average,Entertainment,Yes,Addicted
24,Female,5.25,12.59,1.59,0,0.11,0,0,0,0,0.08,0.59,20.21,126,6,High,Immediate,Low,High,High,Fair,Average,Entertainment,Yes,Addicted
22,Male,6.53,13.34,1.32,0,0.2,0,0,0,0,0.02,0.4,21.81,110,6,High,Immediate,Low,High,High,Fair,Average,Entertainment,Yes,Addicted
23,Female,4.52,14.9,1.01,0,0.1,0,0,0,0,0.1,0.31,20.94,119,6,High,Immediate,Low,High,High,Fair,Average,Entertainment,Yes,Addicted
12,Male,8.3,15.38,1.32,0,0,0,0,0,0,0.04,0.19,25.23,116,6,High,Immediate,Low,High,High,Fair,Average,Entertainment,Yes,Addicted
22,Female,8,7,1,0.5,0,0,0,0,0,2,0.5,19,110,6,High,Immediate,Low,High,High,Fair,Average,Entertainment,Yes,Addicted
23,Male,9,8,0.5,0,0,0,0,0,1,0.5,19,100,6,High,Immediate,Low,High,High,Fair,Average,Entertainment,Yes,Addicted
24,Female,7,7,0.5,0.5,0,0,0,0,0,2,0,17,95,6,High,Immediate,Low,High,High,Fair,Average,Entertainment,Yes,Addicted
22,Male,8.2,7,0.5,0,0,0,0,0,0,0,0,15.7,100,6,High,Immediate,Low,High,High,Fair,Average,Entertainment,Yes,Addicted
23,Female,8.5,8,1,0,0,0,0,0,0,0,0,17.5,100,6,High,Immediate,Low,High,High,Fair,Average,Entertainment,Yes,Addicted
24,Male,9,8,0.3,0,0,0,0,0,1,0,18.3,95,6,High,Immediate,Low,High,High,Fair,Average,Entertainment,Yes,Addicted
25,Female,10,9,1,0.5,0,0,0,0,0,2,0.25,22.75,110,6,High,Immediate,Low,High,High,Fair,Average,Entertainment,Yes,Addicted
26,Male,20,4.34,0.04,0,0,0,0,0,0,0.31,0,24.69,45,6,High,Immediate,Low,High,High,Fair,Average,Entertainment,Yes,Addicted
25,Female,12,3.1,0,0,0,0,0,1.4,0,16.5,44,6,High,Immediate,Low,High,High,Fair,Average,Entertainment,Yes,Addicted
24,Male,21,4.5,0.14,0,1.15,0,0,0,0,0.11,0,26.9,54,6,High,Immediate,Low,High,High,Fair,Average,Entertainment,Yes,Addicted
23,Female,20.93,4.75,0.04,0,0,0,0,0,0.46,0,26.18,66,6,High,Immediate,Low,High,High,Fair,Average,Entertainment,Yes,Addicted
22,Male,13.99,2.83,0,0,0.55,0,0,0,0,1.51,0,18.88,78,6,High,Immediate,Low,High,High,Fair,Average,Entertainment,Yes,Addicted
12,Female,22.03,4.88,0.14,0,1.15,0,0,0,0,0.13,0,28.33,62,6,High,Immediate,Low,High,High,Fair,Average,Entertainment,Yes,Addicted
24,Male,17.17,4.73,0.35,0,0.04,0,0,0,0,0.42,0,22.71,,6,High,Immediate,Low,High,High,Fair,Average,Entertainment,Yes,Addicted
25,Female,0,0.13,0,0,0,0,0,0.37,0,0,0.08,0.58,37,6,High,Immediate,Low,High,High,Fair,Average,Entertainment,Yes,Addicted
26,Male,0,0.1,0,0,0,0,0,0.57,0,0,0,0.67,36,6,High,Immediate,Low,High,High,Fair,Average,Entertainment,Yes,Addicted
25,Female,0,0.13,0,0,0,0,0,0.72,0,0,0.02,0.87,54,6,High,Immediate,Low,High,High,Fair,Average,Entertainment,Yes,Addicted
24,Male,0.12,0.32,0,0,0,0,0,0.75,0,0,0.02,1.2,49,6,High,Immediate,Low,High,High,Fair,Average,Entertainment,Yes,Addicted
23,Female,0.02,0.35,0,0,0,0,0,0.75,0,0,0.02,1.13,41,6,High,Immediate,Low,High,High,Fair,Average,Entertainment,Yes,Addicted
12,Male,0.08,0.3,0,0,0,0,0,1.33,0,0,0.03,1.75,43,6,High,Immediate,Low,High,High,Fair,Average,Entertainment,Yes,Addicted
23,Female,0,0.35,0,0,0,0,0,0.3,0,0,0.13,0.78,37,6,High,Immediate,Low,High,High,Fair,Average,Entertainment,Yes,Addicted
24,Male,5.01,5.24,2.04,0,0.27,0,0,0,0,3.21,1.31,17.08,148,6,High,Immediate,Low,High,High,Fair,Average,Entertainment,Yes,Addicted
25,Female,3.22,6.24,2.31,0,0,0,0,0,0,3.49,1.45,16.71,192,6,High,Immediate,Low,High,High,Fair,Average,Entertainment,Yes,Addicted
24,Male,3.03,12.16,2.26,0,0,0,0,0,0,4.05,1.16,22.66,257,6,High,Immediate,Low,High,High,Fair,Average,Entertainment,Yes,Addicted
23,Female,5.46,5.17,2.1,0,0,0,0,0,0,0.28,1.17,14.18,187,6,High,Immediate,Low,High,High,Fair,Average,Entertainment,Yes,Addicted
22,Male,4.26,5.57,1.55,0,0,0,0,0,0,1.12,1.45,13.95,210,6,High,Immediate,Low,High,High,Fair,Average,Entertainment,Yes,Addicted
23,Female,4.32,4.05,2.48,0,0,0,0,0,0,0.56,1.37,12.78,192,6,High,Immediate,Low,High,High,Fair,Average,Entertainment,Yes,Addicted
12,Male,6.15,4.29,1.48,0,0,0,0,0,0,2.3,0.4,14.62,187,6,High,Immediate,Low,High,High,Fair,Average,Entertainment,Yes,Addicted
25,Female,11.5,6.7,0.01,0.01,0.5,0,0,0,0,6,0.1,24.82,100,6,High,Immediate,Low,High,High,Fair,Average,Entertainment,Yes,Not Addicted
24,Male,11.2,8.2,0.01,0.01,0.1,0,0,0,0,5,0,24.52,101,6,High,Immediate,Low,High,High,Fair,Average,Entertainment,Yes,Not Addicted
23,Female,10,8.1,0.01,0.02,0.6,0,0,0,0,6,0,24.73,110,6,High,Immediate,Low,High,High,Fair,Average,Entertainment,Yes,Addicted
22,Male,3,3.6,0.01,0.01,0.3,0,0,0,0,8,0.01,14.93,200,6,High,Immediate,Low,High,High,Fair,Average,Entertainment,Yes,Addicted
23,Female,9,8,0.01,0.02,0.6,0,0,0,0,6,0.01,23.64,125,6,High,Immediate,Low,High,High,Fair,Average,Entertainment,Yes,Addicted
24,Male,10,10.5,0.01,0.01,0.5,0,0,0,0,4,0,25.02,135,6,High,Immediate,Low,High,High,Fair,Average,Entertainment,Yes,Addicted
25,Female,12,9.5,0,0,0.1,0,0,0,0,2,0,23.6,130,6,High,Immediate,Low,High,High,Fair,Average,Entertainment,Yes,Addicted
26,Male,8.1,10.7,7.9,0,0,0,0,0,0,22.7,0,49.4,102,6,High,Immediate,Low,High,High,Fair,Average,Entertainment,Yes,Not Addicted
25,Female,10.3,10.5,7.3,0,0,0,0,0,0,22.3,0.1,50.5,117,6,High,Immediate,Low,High,High,Fair,Average,Entertainment,Yes,Addicted
24,Male,14.5,11.5,8.8,0,0,0,0,0,0,20.4,0.4,55.6,123,6,High,Immediate,Low,High,High,Fair,Average,Entertainment,Yes,Addicted
14,Female,13.4,11.3,7.4,0,0,0,0,0,0,19.5,0,51.6,112,6,High,Immediate,Low,High,High,Fair,Average,Entertainment,Yes,Addicted
24,Male,13.8,10.6,8.1,0,0,0,0,0,0,18.7,0,51.2,128,6,High,Immediate,Low,High,High,Fair,Average,Entertainment,Yes,Addicted
25,Female,12.7,10.4,8.3,0,0,0,0,0,0,17.4,0.2,49,115,6,High,Immediate,Low,High,High,Fair,Average,Entertainment,Yes,Addicted
24,Male,10.3,8.4,5.1,0,0,0,0,0,0,10.5,0,34.3,96,6,High,Immediate,Low,High,High,Fair,Average,Entertainment,Yes,Not Addicted
23,Female,11.07,2.5,0.28,0.06,0.39,0,0,0,0,1.55,0.42,16.27,89,6,High,Immediate,Low,High,High,Fair,Average,Entertainment,Yes,Not Addicted
22,Male,8.37,3.05,0.29,0.14,1.14,0,0,0,0,0.54,0.14,13.67,101,6,High,Immediate,Low,High,High,Fair,Average,Entertainment,Yes,Not Addicted
23,Female,8.13,2.43,0.23,0.09,0.59,0,0,0,0,1.07,0.35,12.89,96,6,High,Immediate,Low,High,High,Fair,Average,Entertainment,Yes,Not Addicted
24,Male,8.45,3.1,0.16,1.1,2.35,0,0,0,0,0.41,0.42,15.99,98,6,High,Immediate,Low,High,High,Fair,Average,Entertainment,Yes,Not Addicted
14,Female,9.52,2.54,0.23,0.11,1.08,0,0,0,0,0.59,1.05,15.12,100,6,High,Immediate,Low,High,High,Fair,Average,Entertainment,Yes,Not Addicted
24,Male,6.26,3.14,0.08,0.21,0.29,0,0,0,0,1.02,0.24,11.24,96,6,High,Immediate,Low,High,High,Fair,Average,Entertainment,Yes,Not Addicted
23,Female,7.17,6.41,0.09,0.24,0.23,0,0,0,0,0.33,1.46,15.93,111,6,High,Immediate,Low,High,High,Fair,Average,Entertainment,Yes,Addicted
24,Male,12.58,4.23,0,0,1.5,0,0,0,0,3.6,0.06,21.97,105,6,High,Immediate,Low,High,High,Fair,Average,Entertainment,Yes,Addicted
25,Female,16.98,7.58,0,0,1.45,0,0,0,0,4.6,0.21,30.82,141,6,High,Immediate,Low,High,High,Fair,Average,Entertainment,Yes,Addicted
24,Male,15.95,14,0,0,2,0,0,0,0,4.8,0.68,37.43,178,6,High,Immediate,Low,High,High,Fair,Average,Entertainment,Yes,Addicted
23,Female,14.2,8,0,0,0.5,0,0,0,0,8,0.2,30.9,129,6,High,Immediate,Low,High,High,Fair,Average,Entertainment,Yes,Addicted
14,Male,12.2,5,0,0,0.5,0,0,0,0,2.4,0.3,20.4,102,6,High,Immediate,Low,High,High,Fair,Average,Entertainment,Yes,Not Addicted
23,Female,9.1,7,0,0,0.5,0,0,0,0,1.1,0.04,17.74,90,6,High,Immediate,Low,High,High,Fair,Average,Entertainment,Yes,Not Addicted
24,Male,10,9,0,0,0.3,0,0,0,0,2,0,21.3,103,6,High,Immediate,Low,High,High,Fair,Average,Entertainment,Yes,Not Addicted
23,Female,8.43,0,0,2.39,0,0,0,0,0.02,1.36,0.15,12.35,81,6,High,Immediate,Low,High,High,Fair,Average,Entertainment,Yes,Not Addicted
22,Male,6.2,0,0,0.56,0,0,0,0,0.04,1.2,0.22,8.22,84,6,High,Immediate,Low,High,High,Fair,Average,Entertainment,Yes,Not Addicted
23,Female,6.28,0,0,0.29,0,0,0,0,0.05,1.19,0.09,7.9,99,6,High,Immediate,Low,High,High,Fair,Average,Entertainment,Yes,Not Addicted
24,Male,7.19,0,0,0.29,0,0,0,0,0.22,2.01,0.04,9.75,153,6,High,Immediate,Low,High,High,Fair,Average,Entertainment,Yes,Addicted
25,Female,11.34,0,0,0.21,0,0,0,0,0.14,3.04,0.16,14.89,95,6,High,Immediate,Low,High,High,Fair,Average,Entertainment,Yes,Not Addicted
15,Male,8.3,0,0,1.05,0,0,0,0,0.09,1.56,0.05,11.05,104,6,High,Immediate,Low,High,High,Fair,Average,Entertainment,Yes,Not Addicted
23,Female,9.05,0,0,0.39,0,0,0,0,0.05,1.42,0.05,10.96,100,6,High,Immediate,Low,High,High,Fair,Average,Entertainment,Yes,Not Addicted
24,Male,9.34,18.5,1.2,0,2.34,0.19,0,0,4.23,0.32,0,36.12,154,6,High,Immediate,Low,High,High,Fair,Average,Entertainment,Yes,Addicted
25,Female,7.49,18.58,0.52,0,1.5,0.28,0,0,8.5,0.12,0,36.99,137,6,High,Immediate,Low,High,High,Fair,Average,Entertainment,Yes,Addicted
24,Male,7.22,10.33,1.12,0,0.28,0.1,0,0,4.27,0.08,0,23.4,81,6,High,Immediate,Low,High,High,Fair,Average,Entertainment,Yes,Not Addicted
23,Female,5.46,7.35,0.42,0,0.12,0.9,0,0,2.2,0.12,0,16.57,37,6,High,Immediate,Low,High,High,Fair,Average,Entertainment,Yes,Not Addicted
24,Male,5.47,16.43,0.49,0,0.35,0.21,0,0,5.3,2.04,0,30.29,64,6,High,Immediate,Low,High,High,Fair,Average,Entertainment,Yes,Not Addicted
25,Female,4.4,10.48,0.42,0,1.3,0.16,0,0,4.27,1.36,0,22.39,49,6,High,Immediate,Low,High,High,Fair,Average,Entertainment,Yes,Not Addicted
24,Male,4.34,12.43,0.53,0,0.23,0.2,0,0,5.39,0.12,0,23.24,55,6,High,Immediate,Low,High,High,Fair,Average,Entertainment,Yes,Not Addicted
23,Female,9.63,7.35,0,0,0,0,0.37,3.45,0.13,20.93,143,6,High,Immediate,Low,High,High,Fair,Average,Entertainment,Yes,Addicted
24,Male,8.73,7.8,0,0.34,0,0,0,0,0.56,4.1,0.09,21.62,161,6,High,Immediate,Low,High,High,Fair,Average,Entertainment,Yes,Addicted
25,Female,5.8,4.75,0,0,0,0,0.53,4.6,0.11,15.79,114,6,High,Immediate,Low,High,High,Fair,Average,Entertainment,Yes,Addicted
24,Male,4.48,6.38,0,0,0,0,0.78,3.86,0.15,15.65,124,6,High,Immediate,Low,High,High,Fair,Average,Entertainment,Yes,Addicted
23,Female,4.2,6.15,0,0,0,0,0.54,2.45,0.16,13.5,110,6,High,Immediate,Low,High,High,Fair,Average,Entertainment,Yes,Addicted
24,Male,3.87,6.13,0,0,0,0,0.6,3.2,0.1,13.9,141,6,High,Immediate,Low,High,High,Fair,Average,Entertainment,Yes,Addicted
25,Female,5.18,5.19,0,0,0,0,0.4,2.4,0.2,13.37,130,6,High,Immediate,Low,High,High,Fair,Average,Entertainment,Yes,Addicted
24,Male,10,7.5,0.5,0,0.5,0,0,0,0,4,1,23.5,109,6,High,Immediate,Low,High,High,Fair,Average,Entertainment,Yes,Addicted
23,Female,12.25,8.2,1,0.25,0,0,0,0,0,3,0,24.7,130,6,High,Immediate,Low,High,High,Fair,Average,Entertainment,Yes,Addicted
22,Male,9,9.7,0.3,0.5,0.5,0,0,0,0.6,2,0,22.6,97,6,High,Immediate,Low,High,High,Fair,Average,Entertainment,Yes,Not Addicted
23,Female,7.25,12.67,0.8,0,0,0,0,0,0,6.8,0.31,27.83,196,6,High,Immediate,Low,High,High,Fair,Average,Entertainment,Yes,Addicted
24,Male,8.84,4.77,1.82,0,0,0,0,0,9.74,0.57,25.74,152,6,High,Immediate,Low,High,High,Fair,Average,Entertainment,Yes,Addicted
25,Female,9,10.5,1,0,0,0,0,0,0,5,0,25.5,150,6,High,Immediate,Low,High,High,Fair,Average,Entertainment,Yes,Addicted
24,Male,6.43,7.16,0.62,0.35,0,0,0,0,0,8.87,0,23.43,128,6,High,Immediate,Low,High,High,Fair,Average,Entertainment,Yes,Addicted
23,Female,6,9,2,0,0,0,0,0,0,7,6,30,94,6,High,Immediate,Low,High,High,Fair,Average,Entertainment,Yes,Not Addicted
22,Male,7,8,2,0,0,0,0,0,0,4,10,31,86,6,High,Immediate,Low,High,High,Fair,Average,Entertainment,Yes,Not Addicted
23,Female,7,4,2,0,0,0,0,0,0,5,8,26,81,6,High,Immediate,Low,High,High,Fair,Average,Entertainment,Yes,Not Addicted
24,Male,8,5,1,0,0,0,0,0,0,4,10,28,82,6,High,Immediate,Low,High,High,Fair,Average,Entertainment,Yes,Not Addicted
25,Female,5,7,2,0,0,0,0,0,0,5,6,25,80,6,High,Immediate,Low,High,High,Fair,Average,Entertainment,Yes,Not Addicted
24,Male,7,5,1,0,0,0,0,0,0,6,7,26,82,6,High,Immediate,Low,High,High,Fair,Average,Entertainment,Yes,Not Addicted
23,Female,9.25,9,3.3,0,0,0,0,0,0,8,10.3,39.85,97,6,High,Immediate,Low,High,High,Fair,Average,Entertainment,Yes,Not Addicted
24,Male,5.5,10.4,1,0.12,0,0,0,0,0,3.5,0.1,20.62,200,6,High,Immediate,Low,High,High,Fair,Average,Entertainment,Yes,Addicted
23,Female,3.22,6.28,1.49,0.1,0,0,0,0,0,2.5,0.5,14.09,79,6,High,Immediate,Low,High,High,Fair,Average,Entertainment,Yes,Not Addicted
24,Male,4.2,8.45,1.4,0.11,0,0,0,0,0,1.3,0.3,15.76,154,6,High,Immediate,Low,High,High,Fair,Average,Entertainment,Yes,Addicted
23,Female,3.4,5.25,1.5,0.15,0,0,0,0,0,1.2,0.2,11.7,107,6,High,Immediate,Low,High,High,Fair,Average,Entertainment,Yes,Addicted
24,Male,3.32,2.28,1.2,0.18,0,0,0,0,0,0.34,0.3,7.62,94,6,High,Immediate,Low,High,High,Fair,Average,Entertainment,Yes,Not Addicted
23,Female,5.3,16.7,0.45,0.9,0,0,0,0,0,0.22,0,23.57,256,6,High,Immediate,Low,High,High,Fair,Average,Entertainment,Yes,Addicted
24,Male,3.59,12.28,0.51,0.11,0,0,0,0,0,0.17,0,16.66,167,6,High,Immediate,Low,High,High,Fair,Average,Entertainment,Yes,Addicted
25,Female,22.5,24,0,0,0,0,0,0.5,0.01,47.01,147,6,High,Immediate,Low,High,High,Fair,Average,Entertainment,Yes,Addicted
24,Male,19.5,18,1.5,0,0,0,0,0,0.5,0.01,39.51,119,6,High,Immediate,Low,High,High,Fair,Average,Entertainment,Yes,Addicted
23,Female,18.5,17.5,1.5,0,0,0,0,0,0.5,0,38,113,6,High,Immediate,Low,High,High,Fair,Average,Entertainment,Yes,Addicted
24,Male,20,18,1,0,0,0,0,0,0.5,0,39.5,120,6,High,Immediate,Low,High,High,Fair,Average,Entertainment,Yes,Addicted
25,Female,15,13,1.5,0,0,0,0,0,0.5,0.5,30.5,115,6,High,Immediate,Low,High,High,Fair,Average,Entertainment,Yes,Addicted
24,Male,12,14.5,1,0,0,0,0,0,0.5,0,28,109,6,High,Immediate,Low,High,High,Fair,Average,Entertainment,Yes,Addicted
23,Female,19,15,1.5,0,0,0,0,0,0.5,0,36,116,6,High,Immediate,Low,High,High,Fair,Average,Entertainment,Yes,Addicted
24,Male,12.55,19.12,1.56,0.09,0.07,0,0,0,0,0.47,0.04,33.9,135,6,High,Immediate,Low,High,High,Fair,Average,Entertainment,Yes,Addicted
23,Female,10.13,17.35,1.52,0.13,0,0,0,0,0,3.05,0.03,32.21,121,6,High,Immediate,Low,High,High,Fair,Average,Entertainment,Yes,Addicted
24,Male,8.12,21.53,1.04,0.02,0,0,0,0,0,2.05,0.04,32.8,141,6,High,Immediate,Low,High,High,Fair,Average,Entertainment,Yes,Addicted
23,Female,9.01,15.35,1.02,0,0,0,0,0,3.01,0.04,28.43,132,6,High,Immediate,Low,High,High,Fair,Average,Entertainment,Yes,Addicted
24,Male,9.3,16.01,1.11,0,0,0,0,0,2.07,0.03,28.52,142,6,High,Immediate,Low,High,High,Fair,Average,Entertainment,Yes,Addicted
23,Female,7.2,15.04,0.56,0,0,0,0,0,1.15,0.05,24,134,6,High,Immediate,Low,High,High,Fair,Average,Entertainment,Yes,Addicted
24,Male,8.1,14.03,0.54,0,0,0,0,0,1.13,0.05,23.85,145,6,High,Immediate,Low,High,High,Fair,Average,Entertainment,Yes,Addicted
23,Female,12.13,3,0.5,0.9,0,0,0,0,0,0.9,0.15,17.58,119,6,High,Immediate,Low,High,High,Fair,Average,Entertainment,Yes,Addicted
24,Male,9.5,2.3,0.2,0.3,0,0,0,0,0,1.3,0.12,13.72,112,6,High,Immediate,Low,High,High,Fair,Average,Entertainment,Yes,Addicted
25,Female,10.5,0,0,0.06,0,0,0,0,0.7,0.04,11.3,126,6,High,Immediate,Low,High,High,Fair,Average,Entertainment,Yes,Addicted
24,Male,11.36,0,0,0.01,0,0,0,0,0.25,0.06,11.68,105,6,High,Immediate,Low,High,High,Fair,Average,Entertainment,Yes,Addicted
23,Female,7.7,0,0,1.22,0,0,0,0,0,1.23,0.03,10.18,105,6,High,Immediate,Low,High,High,Fair,Average,Entertainment,Yes,Addicted
24,Male,9.7,3,0,1,0,0,0,0,0.5,2.43,0.06,16.69,112,6,High,Immediate,Low,High,High,Fair,Average,Entertainment,Yes,Addicted
25,Female,12.5,14.3,0,0.4,0,0,0,0,0,2.5,0.08,29.78,134,6,High,Immediate,Low,High,High,Fair,Average,Entertainment,Yes,Addicted
24,Male,4.52,10.6,2.19,0,0,0,0,0,0.2,0.019,17.529,115,6,High,Immediate,Low,High,High,Fair,Average,Entertainment,Yes,Addicted
23,Female,5.21,9.28,2.6,0,0,0,0,0,0.12,0.07,17.28,117,6,High,Immediate,Low,High,High,Fair,Average,Entertainment,Yes,Addicted
22,Male,2.14,10.8,1.4,0,0,0,0,0,0.11,0.03,14.48,93,6,High,Immediate,Low,High,High,Fair,Average,Entertainment,Yes,Not Addicted
23,Female,5.1,10.35,1.29,0,0,0,0,0,0.2,0.05,16.99,108,6,High,Immediate,Low,High,High,Fair,Average,Entertainment,Yes,Addicted
24,Male,3.4,7.2,0.46,0,0,0,0,0,0,0,11.06,69,6,High,Immediate,Low,High,High,Fair,Average,Entertainment,Yes,Not Addicted
23,Female,5.2,11,0.57,0,1.7,0,0.46,0,0,0.14,0,19.07,75,6,High,Immediate,Low,High,High,Fair,Average,Entertainment,Yes,Not Addicted
24,Male,5.23,13.8,1.5,0,0,0,0,0,0,0,0,20.53,121,6,High,Immediate,Low,High,High,Fair,Average,Entertainment,Yes,Addicted
23,Female,0.04,7.6,0,0,0,0,0.6,7.1,0,0.35,0.82,16.51,83,6,High,Immediate,Low,High,High,Fair,Average,Entertainment,Yes,Not Addicted
24,Male,0,1.8,0,0,0,0,3.9,6.83,0.33,0.15,1.4,14.41,63,6,High,Immediate,Low,High,High,Fair,Average,Entertainment,Yes,Not Addicted
23,Female,0.73,6.33,0,0,0,0,2.33,7.5,0.21,0.04,1.28,18.42,97,6,High,Immediate,Low,High,High,Fair,Average,Entertainment,Yes,Not Addicted
24,Male,0.15,9.3,0,0,0,0,2.5,9.5,0.67,0.5,1.5,24.12,102,6,High,Immediate,Low,High,High,Fair,Average,Entertainment,Yes,Not Addicted
23,Female,0.03,7.2,0,0,0,0,1.5,10.5,0.33,0.33,1.35,21.24,98,6,High,Immediate,Low,High,High,Fair,Average,Entertainment,Yes,Not Addicted
24,Male,0.05,3.6,0,0,0,0,1.33,5,0.5,0.67,1.8,12.95,57,6,High,Immediate,Low,High,High,Fair,Average,Entertainment,Yes,Not Addicted
25,Female,0.01,10,0,0,0,0,2.7,10,0.6,2.3,1,26.61,127,6,High,Immediate,Low,High,High,Fair,Average,Entertainment,Yes,Addicted
19,Male,7.2,9.5,2.1,0.15,0,0,0,0,0,5.8,0.2,24.95,118,6.8,High,Immediate,Low,High,Very High,Poor,Average,Entertainment,Yes,Addicted
20,Female,10.3,8.7,1.8,0.08,0,0,0,0,0,6.2,0.15,27.25,115,7,High,Immediate,Low,High,Very High,Poor,Below Average,Entertainment,Yes,Addicted
21,Male,9.8,10.2,2.5,0.1,0,0,0,0,0,7.1,0.12,29.72,122,7.2,Very High,Immediate,Very Low,Very High,Very High,Very Poor,Below Average,Entertainment,Yes,Addicted
22,Female,11.1,13.5,3.2,0.05,0,0,0,0,0,8.5,0.08,36.38,125,7.5,Very High,Immediate,Low,Very High,Very High,Very Poor,Below Average,Entertainment,Yes,Addicted
18,Male,6.5,5.8,1.2,0.12,0,0,0,0,0,3.2,0.22,17.12,98,5.2,High,Moderate,Medium,Low,Medium,Fair,Good,Mixed,No,Not Addicted
19,Female,4.8,3.9,0.8,0.25,0,0.18,0,0,0,1.8,0.45,12.13,72,4,Medium,Moderate,High,Low,Low,Good,Excellent,Mixed,No,Not Addicted
20,Male,7.3,6.2,2.8,0.38,0,0.42,0,0,0,2.1,0.6,19.53,108,5.8,High,Moderate,Medium,Medium,Medium,Fair,Good,Mixed,No,Addicted
21,Female,8.9,9.1,3.1,0.22,0,0.28,0,0,0,3.4,0.35,24.95,126,6.5,High,Moderate,Medium,High,High,Fair,Average,Entertainment,Yes,Addicted
22,Male,5.2,7.5,1.9,0.18,0,0.35,0,0,0,2.6,0.28,17.98,94,5.5,High,Moderate,Medium,Low,Medium,Fair,Good,Mixed,No,Not Addicted
18,Female,6.8,8.2,2.3,0.42,0,0.5,0,0,0,1.9,0.55,20.25,115,6,High,Moderate,Medium,Medium,High,Fair,Average,Entertainment,Yes,Addicted
19,Male,4.1,5.6,1.5,0.65,0,0.32,0,0,0,1.2,0.72,13.92,68,3.8,Medium,Moderate,High,Low,Low,Good,Good,Mixed,No,Not Addicted
20,Female,9.5,11.8,4.2,0.28,0,0.15,0,0,0,4.1,0.42,30.45,132,7.2,High,Immediate,Low,High,Very High,Poor,Average,Entertainment,Yes,Addicted
21,Male,3.9,4.2,0.9,0.58,0,0.48,0,0,0,0.8,0.58,11.43,65,3.5,Medium,Slow,High,Low,Low,Excellent,Excellent,Mixed,No,Not Addicted
22,Female,10.8,12.5,2.9,0.12,0,0,0,0,0,5.3,0.25,31.78,118,6.8,High,Immediate,Low,High,High,Fair,Average,Entertainment,Yes,Addicted
18,Male,7.6,6.3,1.6,0.05,0,0,0,0,0,4.8,0.18,20.43,102,5.9,High,Moderate,Medium,Medium,Medium,Fair,Good,Mixed,No,Addicted
19,Female,5.3,9.8,2.1,0.35,0,0.22,0,0,0,2.8,0.48,20.72,110,6.2,High,Moderate,Medium,Low,Medium,Fair,Good,Mixed,No,Addicted
20,Male,12.2,14.3,5.1,0.08,0,0,0,0,0,6.9,0.15,38.68,128,7.5,Very High,Immediate,Very Low,Very High,Very High,Poor,Below Average,Entertainment,Yes,Addicted
21,Female,6.9,7.4,1.8,0.22,0,0.18,0,0,0,3.2,0.35,19.93,105,5.8,High,Moderate,Medium,Medium,Medium,Fair,Average,Mixed,No,Not Addicted
22,Male,4.5,5.1,1.3,0.45,0,0.38,0,0,0,1.5,0.65,13.33,76,4.2,Medium,Moderate,High,Low,Low,Good,Good,Mixed,No,Not Addicted
18,Female,8.1,10.2,2.6,0.15,0,0.25,0,0,0,4.5,0.28,25.93,118,6.5,High,Immediate,Low,High,High,Fair,Average,Entertainment,Yes,Addicted
19,Male,9.7,11.5,3.8,0.18,0,0.12,0,0,0,5.6,0.22,30.93,125,7,High,Immediate,Low,High,Very High,Poor,Average,Entertainment,Yes,Addicted
20,Female,5.8,6.9,1.7,0.52,0,0.42,0,0,0,2.2,0.58,17.88,92,5.5,High,Moderate,Medium,Low,Medium,Good,Good,Mixed,No,Not Addicted
21,Male,7.2,8.5,2.4,0.28,0,0.35,0,0,0,3.8,0.42,22.23,114,6.2,High,Moderate,Medium,Medium,Medium,Fair,Average,Mixed,No,Addicted
22,Female,11.3,13.2,4.5,0.1,0,0.08,0,0,0,6.1,0.18,35.38,130,7.3,Very High,Immediate,Low,Very High,Very High,Poor,Below Average,Entertainment,Yes,Addicted
18,Male,3.2,3.8,0.7,0.68,0,0.55,0,0,0,0.9,0.72,10.22,58,3.2,Medium,Slow,High,Low,Low,Excellent,Excellent,Mixed,No,Not Addicted
19,Female,6.5,7.8,2.2,0.35,0,0.28,0,0,0,2.9,0.38,20.12,107,6,High,Moderate,Medium,Low,Medium,Fair,Good,Mixed,No,Not Addicted
20,Male,10.5,12.1,3.5,0.22,0,0.15,0,0,0,5.2,0.28,31.63,120,7,High,Immediate,Low,High,High,Fair,Average,Entertainment,Yes,Addicted
21,Female,4.8,5.5,1.4,0.58,0,0.42,0,0,0,1.6,0.55,14.53,78,4.5,Medium,Moderate,High,Low,Low,Good,Good,Mixed,No,Not Addicted
22,Female,11.3,13.2,4.5,0.1,0,0.08,0,0,0,6.1,0.18,35.38,130,7.3,Very High,Immediate,Low,Very High,Very High,Poor,Below Average,Entertainment,Yes,Addicted
18,Male,3.2,3.8,0.7,0.68,0,0.55,0,0,0,0.9,0.72,10.22,58,3.2,Medium,Slow,High,Low,Low,Excellent,Excellent,Mixed,No,Not Addicted
19,Female,6.5,7.8,2.2,0.35,0,0.28,0,0,0,2.9,0.38,20.12,107,6,High,Moderate,Medium,Low,Medium,Fair,Good,Mixed,No,Not Addicted
20,Male,10.5,12.1,3.5,0.22,0,0.15,0,0,0,5.2,0.28,31.63,120,7,High,Immediate,Low,High,High,Fair,Average,Entertainment,Yes,Addicted
21,Female,4.8,5.5,1.4,0.58,0,0.42,0,0,0,1.6,0.55,14.53,78,4.5,Medium,Moderate,High,Low,Low,Good,Good,Mixed,No,Not Addicted
22,Female,11.3,13.2,4.5,0.1,0,0.08,0,0,0,6.1,0.18,35.38,130,7.3,Very High,Immediate,Low,Very High,Very High,Poor,Below Average,Entertainment,Yes,Addicted
18,Male,3.2,3.8,0.7,0.68,0,0.55,0,0,0,0.9,0.72,10.22,58,3.2,Medium,Slow,High,Low,Low,Excellent,Excellent,Mixed,No,Not Addicted
19,Female,6.5,7.8,2.2,0.35,0,0.28,0,0,0,2.9,0.38,20.12,107,6,High,Moderate,Medium,Low,Medium,Fair,Good,Mixed,No,Not Addicted
20,Male,10.5,12.1,3.5,0.22,0,0.15,0,0,0,5.2,0.28,31.63,120,7,High,Immediate,Low,High,High,Fair,Average,Entertainment,Yes,Addicted
21,Female,4.8,5.5,1.4,0.58,0,0.42,0,0,0,1.6,0.55,14.53,78,4.5,Medium,Moderate,High,Low,Low,Good,Good,Mixed,No,Not Addicted
22,Female,11.3,13.2,4.5,0.1,0,0.08,0,0,0,6.1,0.18,35.38,130,7.3,Very High,Immediate,Low,Very High,Very High,Poor,Below Average,Entertainment,Yes,Addicted
18,Male,3.2,3.8,0.7,0.68,0,0.55,0,0,0,0.9,0.72,10.22,58,3.2,Medium,Slow,High,Low,Low,Excellent,Excellent,Mixed,No,Not Addicted
19,Female,6.5,7.8,2.2,0.35,0,0.28,0,0,0,2.9,0.38,20.12,107,6,High,Moderate,Medium,Low,Medium,Fair,Good,Mixed,No,Not Addicted
20,Male,10.5,12.1,3.5,0.22,0,0.15,0,0,0,5.2,0.28,31.63,120,7,High,Immediate,Low,High,High,Fair,Average,Entertainment,Yes,Addicted
21,Female,4.8,5.5,1.4,0.58,0,0.42,0,0,0,1.6,0.55,14.53,78,4.5,Medium,Moderate,High,Low,Low,Good,Good,Mixed,No,Not Addicted
22,Female,11.3,13.2,4.5,0.1,0,0.08,0,0,0,6.1,0.18,35.38,130,7.3,Very High,Immediate,Low,Very High,Very High,Poor,Below Average,Entertainment,Yes,Addicted
18,Male,3.2,3.8,0.7,0.68,0,0.55,0,0,0,0.9,0.72,10.22,58,3.2,Medium,Slow,High,Low,Low,Excellent,Excellent,Mixed,No,Not Addicted
19,Female,6.5,7.8,2.2,0.35,0,0.28,0,0,0,2.9,0.38,20.12,107,6,High,Moderate,Medium,Low,Medium,Fair,Good,Mixed,No,Not Addicted
20,Male,10.5,12.1,3.5,0.22,0,0.15,0,0,0,5.2,0.28,31.63,120,7,High,Immediate,Low,High,High,Fair,Average,Entertainment,Yes,Addicted
21,Female,4.8,5.5,1.4,0.58,0,0.42,0,0,0,1.6,0.55,14.53,78,4.5,Medium,Moderate,High,Low,Low,Good,Good,Mixed,No,Not Addicted
22,Female,11.3,13.2,4.5,0.1,0,0.08,0,0,0,6.1,0.18,35.38,130,7.3,Very High,Immediate,Low,Very High,Very High,Poor,Below Average,Entertainment,Yes,Addicted
18,Male,3.2,3.8,0.7,0.68,0,0.55,0,0,0,0.9,0.72,10.22,58,3.2,Medium,Slow,High,Low,Low,Excellent,Excellent,Mixed,No,Not Addicted
19,Female,6.5,7.8,2.2,0.35,0,0.28,0,0,0,2.9,0.38,20.12,107,6,High,Moderate,Medium,Low,Medium,Fair,Good,Mixed,No,Not Addicted
20,Male,10.5,12.1,3.5,0.22,0,0.15,0,0,0,5.2,0.28,31.63,120,7,High,Immediate,Low,High,High,Fair,Average,Entertainment,Yes,Addicted
21,Female,4.8,5.5,1.4,0.58,0,0.42,0,0,0,1.6,0.55,14.53,78,4.5,Medium,Moderate,High,Low,Low,Good,Good,Mixed,No,Not Addicted
22,Female,11.3,13.2,4.5,0.1,0,0.08,0,0,0,6.1,0.18,35.38,130,7.3,Very High,Immediate,Low,Very High,Very High,Poor,Below Average,Entertainment,Yes,Addicted
18,Male,3.2,3.8,0.7,0.68,0,0.55,0,0,0,0.9,0.72,10.22,58,3.2,Medium,Slow,High,Low,Low,Excellent,Excellent,Mixed,No,Not Addicted
19,Female,6.5,7.8,2.2,0.35,0,0.28,0,0,0,2.9,0.38,20.12,107,6,High,Moderate,Medium,Low,Medium,Fair,Good,Mixed,No,Not Addicted
20,Male,10.5,12.1,3.5,0.22,0,0.15,0,0,0,5.2,0.28,31.63,120,7,High,Immediate,Low,High,High,Fair,Average,Entertainment,Yes,Addicted
21,Female,4.8,5.5,1.4,0.58,0,0.42,0,0,0,1.6,0.55,14.53,78,4.5,Medium,Moderate,High,Low,Low,Good,Good,Mixed,No,Not Addicted
22,Female,11.3,13.2,4.5,0.1,0,0.08,0,0,0,6.1,0.18,35.38,130,7.3,Very High,Immediate,Low,Very High,Very High,Poor,Below Average,Entertainment,Yes,Addicted
18,Male,3.2,3.8,0.7,0.68,0,0.55,0,0,0,0.9,0.72,10.22,58,3.2,Medium,Slow,High,Low,Low,Excellent,Excellent,Mixed,No,Not Addicted
19,Female,6.5,7.8,2.2,0.35,0,0.28,0,0,0,2.9,0.38,20.12,107,6,High,Moderate,Medium,Low,Medium,Fair,Good,Mixed,No,Not Addicted
20,Male,10.5,12.1,3.5,0.22,0,0.15,0,0,0,5.2,0.28,31.63,120,7,High,Immediate,Low,High,High,Fair,Average,Entertainment,Yes,Addicted
21,Female,4.8,5.5,1.4,0.58,0,0.42,0,0,0,1.6,0.55,14.53,78,4.5,Medium,Moderate,High,Low,Low,Good,Good,Mixed,No,Not Addicted
22,Female,11.3,13.2,4.5,0.1,0,0.08,0,0,0,6.1,0.18,35.38,130,7.3,Very High,Immediate,Low,Very High,Very High,Poor,Below Average,Entertainment,Yes,Addicted
18,Male,3.2,3.8,0.7,0.68,0,0.55,0,0,0,0.9,0.72,10.22,58,3.2,Medium,Slow,High,Low,Low,Excellent,Excellent,Mixed,No,Not Addicted
19,Female,6.5,7.8,2.2,0.35,0,0.28,0,0,0,2.9,0.38,20.12,107,6,High,Moderate,Medium,Low,Medium,Fair,Good,Mixed,No,Not Addicted
20,Male,10.5,12.1,3.5,0.22,0,0.15,0,0,0,5.2,0.28,31.63,120,7,High,Immediate,Low,High,High,Fair,Average,Entertainment,Yes,Addicted
21,Female,4.8,5.5,1.4,0.58,0,0.42,0,0,0,1.6,0.55,14.53,78,4.5,Medium,Moderate,High,Low,Low,Good,Good,Mixed,No,Not Addicted
22,Female,11.3,13.2,4.5,0.1,0,0.08,0,0,0,6.1,0.18,35.38,130,7.3,Very High,Immediate,Low,Very High,Very High,Poor,Below Average,Entertainment,Yes,Addicted
18,Male,3.2,3.8,0.7,0.68,0,0.55,0,0,0,0.9,0.72,10.22,58,3.2,Medium,Slow,High,Low,Low,Excellent,Excellent,Mixed,No,Not Addicted
19,Female,6.5,7.8,2.2,0.35,0,0.28,0,0,0,2.9,0.38,20.12,107,6,High,Moderate,Medium,Low,Medium,Fair,Good,Mixed,No,Not Addicted
20,Male,10.5,12.1,3.5,0.22,0,0.15,0,0,0,5.2,0.28,31.63,120,7,High,Immediate,Low,High,High,Fair,Average,Entertainment,Yes,Addicted
21,Female,4.8,5.5,1.4,0.58,0,0.42,0,0,0,1.6,0.55,14.53,78,4.5,Medium,Moderate,High,Low,Low,Good,Good,Mixed,No,Not Addicted
22,Female,11.3,13.2,4.5,0.1,0,0.08,0,0,0,6.1,0.18,35.38,130,7.3,Very High,Immediate,Low,Very High,Very High,Poor,Below Average,Entertainment,Yes,Addicted
18,Male,3.2,3.8,0.7,0.68,0,0.55,0,0,0,0.9,0.72,10.22,58,3.2,Medium,Slow,High,Low,Low,Excellent,Excellent,Mixed,No,Not Addicted
19,Female,6.5,7.8,2.2,0.35,0,0.28,0,0,0,2.9,0.38,20.12,107,6,High,Moderate,Medium,Low,Medium,Fair,Good,Mixed,No,Not Addicted
20,Male,10.5,12.1,3.5,0.22,0,0.15,0,0,0,5.2,0.28,31.63,120,7,High,Immediate,Low,High,High,Fair,Average,Entertainment,Yes,Addicted
21,Female,4.8,5.5,1.4,0.58,0,0.42,0,0,0,1.6,0.55,14.53,78,4.5,Medium,Moderate,High,Low,Low,Good,Good,Mixed,No,Not Addicted
22,Female,11.3,13.2,4.5,0.1,0,0.08,0,0,0,6.1,0.18,35.38,130,7.3,Very High,Immediate,Low,Very High,Very High,Poor,Below Average,Entertainment,Yes,Addicted
18,Male,3.2,3.8,0.7,0.68,0,0.55,0,0,0,0.9,0.72,10.22,58,3.2,Medium,Slow,High,Low,Low,Excellent,Excellent,Mixed,No,Not Addicted
19,Female,6.5,7.8,2.2,0.35,0,0.28,0,0,0,2.9,0.38,20.12,107,6,High,Moderate,Medium,Low,Medium,Fair,Good,Mixed,No,Not Addicted
20,Male,10.5,12.1,3.5,0.22,0,0.15,0,0,0,5.2,0.28,31.63,120,7,High,Immediate,Low,High,High,Fair,Average,Entertainment,Yes,Addicted
21,Female,4.8,5.5,1.4,0.58,0,0.42,0,0,0,1.6,0.55,14.53,78,4.5,Medium,Moderate,High,Low,Low,Good,Good,Mixed,No,Not Addicted
22,Female,11.3,13.2,4.5,0.1,0,0.08,0,0,0,6.1,0.18,35.38,130,7.3,Very High,Immediate,Low,Very High,Very High,Poor,Below Average,Entertainment,Yes,Addicted
18,Male,3.2,3.8,0.7,0.68,0,0.55,0,0,0,0.9,0.72,10.22,58,3.2,Medium,Slow,High,Low,Low,Excellent,Excellent,Mixed,No,Not Addicted
19,Female,6.5,7.8,2.2,0.35,0,0.28,0,0,0,2.9,0.38,20.12,107,6,High,Moderate,Medium,Low,Medium,Fair,Good,Mixed,No,Not Addicted
20,Male,10.5,12.1,3.5,0.22,0,0.15,0,0,0,5.2,0.28,31.63,120,7,High,Immediate,Low,High,High,Fair,Average,Entertainment,Yes,Addicted
21,Female,4.8,5.5,1.4,0.58,0,0.42,0,0,0,1.6,0.55,14.53,78,4.5,Medium,Moderate,High,Low,Low,Good,Good,Mixed,No,Not Addicted
22,Female,11.3,13.2,4.5,0.1,0,0.08,0,0,0,6.1,0.18,35.38,130,7.3,Very High,Immediate,Low,Very High,Very High,Poor,Below Average,Entertainment,Yes,Addicted
18,Male,3.2,3.8,0.7,0.68,0,0.55,0,0,0,0.9,0.72,10.22,58,3.2,Medium,Slow,High,Low,Low,Excellent,Excellent,Mixed,No,Not Addicted
19,Female,6.5,7.8,2.2,0.35,0,0.28,0,0,0,2.9,0.38,20.12,107,6,High,Moderate,Medium,Low,Medium,Fair,Good,Mixed,No,Not Addicted
20,Male,10.5,12.1,3.5,0.22,0,0.15,0,0,0,5.2,0.28,31.63,120,7,High,Immediate,Low,High,High,Fair,Average,Entertainment,Yes,Addicted
21,Female,4.8,5.5,1.4,0.58,0,0.42,0,0,0,1.6,0.55,14.53,78,4.5,Medium,Moderate,High,Low,Low,Good,Good,Mixed,No,Not Addicted
22,Female,11.3,13.2,4.5,0.1,0,0.08,0,0,0,6.1,0.18,35.38,130,7.3,Very High,Immediate,Low,Very High,Very High,Poor,Below Average,Entertainment,Yes,Addicted
18,Male,3.2,3.8,0.7,0.68,0,0.55,0,0,0,0.9,0.72,10.22,58,3.2,Medium,Slow,High,Low,Low,Excellent,Excellent,Mixed,No,Not Addicted
19,Female,6.5,7.8,2.2,0.35,0,0.28,0,0,0,2.9,0.38,20.12,107,6,High,Moderate,Medium,Low,Medium,Fair,Good,Mixed,No,Not Addicted
20,Male,10.5,12.1,3.5,0.22,0,0.15,0,0,0,5.2,0.28,31.63,120,7,High,Immediate,Low,High,High,Fair,Average,Entertainment,Yes,Addicted
21,Female,4.8,5.5,1.4,0.58,0,0.42,0,0,0,1.6,0.55,14.53,78,4.5,Medium,Moderate,High,Low,Low,Good,Good,Mixed,No,Not Addicted
22,Female,11.3,13.2,4.5,0.1,0,0.08,0,0,0,6.1,0.18,35.38,130,7.3,Very High,Immediate,Low,Very High,Very High,Poor,Below Average,Entertainment,Yes,Addicted
18,Male,3.2,3.8,0.7,0.68,0,0.55,0,0,0,0.9,0.72,10.22,58,3.2,Medium,Slow,High,Low,Low,Excellent,Excellent,Mixed,No,Not Addicted
19,Female,6.5,7.8,2.2,0.35,0,0.28,0,0,0,2.9,0.38,20.12,107,6,High,Moderate,Medium,Low,Medium,Fair,Good,Mixed,No,Not Addicted
20,Male,10.5,12.1,3.5,0.22,0,0.15,0,0,0,5.2,0.28,31.63,120,7,High,Immediate,Low,High,High,Fair,Average,Entertainment,Yes,Addicted
21,Female,4.8,5.5,1.4,0.58,0,0.42,0,0,0,1.6,0.55,14.53,78,4.5,Medium,Moderate,High,Low,Low,Good,Good,Mixed,No,Not Addicted
22,Female,11.3,13.2,4.5,0.1,0,0.08,0,0,0,6.1,0.18,35.38,130,7.3,Very High,Immediate,Low,Very High,Very High,Poor,Below Average,Entertainment,Yes,Addicted
18,Male,3.2,3.8,0.7,0.68,0,0.55,0,0,0,0.9,0.72,10.22,58,3.2,Medium,Slow,High,Low,Low,Excellent,Excellent,Mixed,No,Not Addicted
19,Female,6.5,7.8,2.2,0.35,0,0.28,0,0,0,2.9,0.38,20.12,107,6,High,Moderate,Medium,Low,Medium,Fair,Good,Mixed,No,Not Addicted
20,Male,10.5,12.1,3.5,0.22,0,0.15,0,0,0,5.2,0.28,31.63,120,7,High,Immediate,Low,High,High,Fair,Average,Entertainment,Yes,Addicted
21,Female,4.8,5.5,1.4,0.58,0,0.42,0,0,0,1.6,0.55,14.53,78,4.5,Medium,Moderate,High,Low,Low,Good,Good,Mixed,No,Not Addicted
22,Female,11.3,13.2,4.5,0.1,0,0.08,0,0,0,6.1,0.18,35.38,130,7.3,Very High,Immediate,Low,Very High,Very High,Poor,Below Average,Entertainment,Yes,Addicted
18,Male,3.2,3.8,0.7,0.68,0,0.55,0,0,0,0.9,0.72,10.22,58,3.2,Medium,Slow,High,Low,Low,Excellent,Excellent,Mixed,No,Not Addicted
19,Female,6.5,7.8,2.2,0.35,0,0.28,0,0,0,2.9,0.38,20.12,107,6,High,Moderate,Medium,Low,Medium,Fair,Good,Mixed,No,Not Addicted
20,Male,10.5,12.1,3.5,0.22,0,0.15,0,0,0,5.2,0.28,31.63,120,7,High,Immediate,Low,High,High,Fair,Average,Entertainment,Yes,Addicted
21,Female,4.8,5.5,1.4,0.58,0,0.42,0,0,0,1.6,0.55,14.53,78,4.5,Medium,Moderate,High,Low,Low,Good,Good,Mixed,No,Not Addicted
22,Female,11.3,13.2,4.5,0.1,0,0.08,0,0,0,6.1,0.18,35.38,130,7.3,Very High,Immediate,Low,Very High,Very High,Poor,Below Average,Entertainment,Yes,Addicted
18,Male,3.2,3.8,0.7,0.68,0,0.55,0,0,0,0.9,0.72,10.22,58,3.2,Medium,Slow,High,Low,Low,Excellent,Excellent,Mixed,No,Not Addicted
19,Female,6.5,7.8,2.2,0.35,0,0.28,0,0,0,2.9,0.38,20.12,107,6,High,Moderate,Medium,Low,Medium,Fair,Good,Mixed,No,Not Addicted
20,Male,10.5,12.1,3.5,0.22,0,0.15,0,0,0,5.2,0.28,31.63,120,7,High,Immediate,Low,High,High,Fair,Average,Entertainment,Yes,Addicted
21,Female,4.8,5.5,1.4,0.58,0,0.42,0,0,0,1.6,0.55,14.53,78,4.5,Medium,Moderate,High,Low,Low,Good,Good,Mixed,No,Not Addicted
22,Female,11.3,13.2,4.5,0.1,0,0.08,0,0,0,6.1,0.18,35.38,130,7.3,Very High,Immediate,Low,Very High,Very High,Poor,Below Average,Entertainment,Yes,Addicted
18,Male,3.2,3.8,0.7,0.68,0,0.55,0,0,0,0.9,0.72,10.22,58,3.2,Medium,Slow,High,Low,Low,Excellent,Excellent,Mixed,No,Not Addicted
19,Female,6.5,7.8,2.2,0.35,0,0.28,0,0,0,2.9,0.38,20.12,107,6,High,Moderate,Medium,Low,Medium,Fair,Good,Mixed,No,Not Addicted
20,Male,10.5,12.1,3.5,0.22,0,0.15,0,0,0,5.2,0.28,31.63,120,7,High,Immediate,Low,High,High,Fair,Average,Entertainment,Yes,Addicted
21,Female,4.8,5.5,1.4,0.58,0,0.42,0,0,0,1.6,0.55,14.53,78,4.5,Medium,Moderate,High,Low,Low,Good,Good,Mixed,No,Not Addicted
22,Female,11.3,13.2,4.5,0.1,0,0.08,0,0,0,6.1,0.18,35.38,130,7.3,Very High,Immediate,Low,Very High,Very High,Poor,Below Average,Entertainment,Yes,Addicted
18,Male,3.2,3.8,0.7,0.68,0,0.55,0,0,0,0.9,0.72,10.22,58,3.2,Medium,Slow,High,Low,Low,Excellent,Excellent,Mixed,No,Not Addicted
19,Female,6.5,7.8,2.2,0.35,0,0.28,0,0,0,2.9,0.38,20.12,107,6,High,Moderate,Medium,Low,Medium,Fair,Good,Mixed,No,Not Addicted
20,Male,10.5,12.1,3.5,0.22,0,0.15,0,0,0,5.2,0.28,31.63,120,7,High,Immediate,Low,High,High,Fair,Average,Entertainment,Yes,Addicted
21,Female,4.8,5.5,1.4,0.58,0,0.42,0,0,0,1.6,0.55,14.53,78,4.5,Medium,Moderate,High,Low,Low,Good,Good,Mixed,No,Not Addicted
22,Female,11.3,13.2,4.5,0.1,0,0.08,0,0,0,6.1,0.18,35.38,130,7.3,Very High,Immediate,Low,Very High,Very High,Poor,Below Average,Entertainment,Yes,Addicted
18,Male,3.2,3.8,0.7,0.68,0,0.55,0,0,0,0.9,0.72,10.22,58,3.2,Medium,Slow,High,Low,Low,Excellent,Excellent,Mixed,No,Not Addicted
19,Female,6.5,7.8,2.2,0.35,0,0.28,0,0,0,2.9,0.38,20.12,107,6,High,Moderate,Medium,Low,Medium,Fair,Good,Mixed,No,Not Addicted
20,Male,10.5,12.1,3.5,0.22,0,0.15,0,0,0,5.2,0.28,31.63,120,7,High,Immediate,Low,High,High,Fair,Average,Entertainment,Yes,Addicted
21,Female,4.8,5.5,1.4,0.58,0,0.42,0,0,0,1.6,0.55,14.53,78,4.5,Medium,Moderate,High,Low,Low,Good,Good,Mixed,No,Not Addicted
22,Female,11.3,13.2,4.5,0.1,0,0.08,0,0,0,6.1,0.18,35.38,130,7.3,Very High,Immediate,Low,Very High,Very High,Poor,Below Average,Entertainment,Yes,Addicted
18,Male,3.2,3.8,0.7,0.68,0,0.55,0,0,0,0.9,0.72,10.22,58,3.2,Medium,Slow,High,Low,Low,Excellent,Excellent,Mixed,No,Not Addicted
19,Female,6.5,7.8,2.2,0.35,0,0.28,0,0,0,2.9,0.38,20.12,107,6,High,Moderate,Medium,Low,Medium,Fair,Good,Mixed,No,Not Addicted
20,Male,10.5,12.1,3.5,0.22,0,0.15,0,0,0,5.2,0.28,31.63,120,7,High,Immediate,Low,High,High,Fair,Average,Entertainment,Yes,Addicted
21,Female,4.8,5.5,1.4,0.58,0,0.42,0,0,0,1.6,0.55,14.53,78,4.5,Medium,Moderate,High,Low,Low,Good,Good,Mixed,No,Not Addicted
22,Female,11.3,13.2,4.5,0.1,0,0.08,0,0,0,6.1,0.18,35.38,130,7.3,Very High,Immediate,Low,Very High,Very High,Poor,Below Average,Entertainment,Yes,Addicted
18,Male,3.2,3.8,0.7,0.68,0,0.55,0,0,0,0.9,0.72,10.22,58,3.2,Medium,Slow,High,Low,Low,Excellent,Excellent,Mixed,No,Not Addicted
19,Female,6.5,7.8,2.2,0.35,0,0.28,0,0,0,2.9,0.38,20.12,107,6,High,Moderate,Medium,Low,Medium,Fair,Good,Mixed,No,Not Addicted
20,Male,10.5,12.1,3.5,0.22,0,0.15,0,0,0,5.2,0.28,31.63,120,7,High,Immediate,Low,High,High,Fair,Average,Entertainment,Yes,Addicted
21,Female,4.8,5.5,1.4,0.58,0,0.42,0,0,0,1.6,0.55,14.53,78,4.5,Medium,Moderate,High,Low,Low,Good,Good,Mixed,No,Not Addicted
22,Female,11.3,13.2,4.5,0.1,0,0.08,0,0,0,6.1,0.18,35.38,130,7.3,Very High,Immediate,Low,Very High,Very High,Poor,Below Average,Entertainment,Yes,Addicted
18,Male,3.2,3.8,0.7,0.68,0,0.55,0,0,0,0.9,0.72,10.22,58,3.2,Medium,Slow,High,Low,Low,Excellent,Excellent,Mixed,No,Not Addicted
19,Female,6.5,7.8,2.2,0.35,0,0.28,0,0,0,2.9,0.38,20.12,107,6,High,Moderate,Medium,Low,Medium,Fair,Good,Mixed,No,Not Addicted
20,Male,10.5,12.1,3.5,0.22,0,0.15,0,0,0,5.2,0.28,31.63,120,7,High,Immediate,Low,High,High,Fair,Average,Entertainment,Yes,Addicted
21,Female,4.8,5.5,1.4,0.58,0,0.42,0,0,0,1.6,0.55,14.53,78,4.5,Medium,Moderate,High,Low,Low,Good,Good,Mixed,No,Not Addicted
22,Female,11.3,13.2,4.5,0.1,0,0.08,0,0,0,6.1,0.18,35.38,130,7.3,Very High,Immediate,Low,Very High,Very High,Poor,Below Average,Entertainment,Yes,Addicted
18,Male,3.2,3.8,0.7,0.68,0,0.55,0,0,0,0.9,0.72,10.22,58,3.2,Medium,Slow,High,Low,Low,Excellent,Excellent,Mixed,No,Not Addicted
19,Female,6.5,7.8,2.2,0.35,0,0.28,0,0,0,2.9,0.38,20.12,107,6,High,Moderate,Medium,Low,Medium,Fair,Good,Mixed,No,Not Addicted
20,Male,10.5,12.1,3.5,0.22,0,0.15,0,0,0,5.2,0.28,31.63,120,7,High,Immediate,Low,High,High,Fair,Average,Entertainment,Yes,Addicted
21,Female,4.8,5.5,1.4,0.58,0,0.42,0,0,0,1.6,0.55,14.53,78,4.5,Medium,Moderate,High,Low,Low,Good,Good,Mixed,No,Not Addicted
22,Female,11.3,13.2,4.5,0.1,0,0.08,0,0,0,6.1,0.18,35.38,130,7.3,Very High,Immediate,Low,Very High,Very High,Poor,Below Average,Entertainment,Yes,Addicted
18,Male,3.2,3.8,0.7,0.68,0,0.55,0,0,0,0.9,0.72,10.22,58,3.2,Medium,Slow,High,Low,Low,Excellent,Excellent,Mixed,No,Not Addicted
19,Female,6.5,7.8,2.2,0.35,0,0.28,0,0,0,2.9,0.38,20.12,107,6,High,Moderate,Medium,Low,Medium,Fair,Good,Mixed,No,Not Addicted
20,Male,10.5,12.1,3.5,0.22,0,0.15,0,0,0,5.2,0.28,31.63,120,7,High,Immediate,Low,High,High,Fair,Average,Entertainment,Yes,Addicted
21,Female,4.8,5.5,1.4,0.58,0,0.42,0,0,0,1.6,0.55,14.53,78,4.5,Medium,Moderate,High,Low,Low,Good,Good,Mixed,No,Not Addicted
22,Female,11.3,13.2,4.5,0.1,0,0.08,0,0,0,6.1,0.18,35.38,130,7.3,Very High,Immediate,Low,Very High,Very High,Poor,Below Average,Entertainment,Yes,Addicted
18,Male,3.2,3.8,0.7,0.68,0,0.55,0,0,0,0.9,0.72,10.22,58,3.2,Medium,Slow,High,Low,Low,Excellent,Excellent,Mixed,No,Not Addicted
19,Female,6.5,7.8,2.2,0.35,0,0.28,0,0,0,2.9,0.38,20.12,107,6,High,Moderate,Medium,Low,Medium,Fair,Good,Mixed,No,Not Addicted
20,Male,10.5,12.1,3.5,0.22,0,0.15,0,0,0,5.2,0.28,31.63,120,7,High,Immediate,Low,High,High,Fair,Average,Entertainment,Yes,Addicted
21,Female,4.8,5.5,1.4,0.58,0,0.42,0,0,0,1.6,0.55,14.53,78,4.5,Medium,Moderate,High,Low,Low,Good,Good,Mixed,No,Not Addicted
22,Female,11.3,13.2,4.5,0.1,0,0.08,0,0,0,6.1,0.18,35.38,130,7.3,Very High,Immediate,Low,Very High,Very High,Poor,Below Average,Entertainment,Yes,Addicted
18,Male,3.2,3.8,0.7,0.68,0,0.55,0,0,0,0.9,0.72,10.22,58,3.2,Medium,Slow,High,Low,Low,Excellent,Excellent,Mixed,No,Not Addicted
19,Female,6.5,7.8,2.2,0.35,0,0.28,0,0,0,2.9,0.38,20.12,107,6,High,Moderate,Medium,Low,Medium,Fair,Good,Mixed,No,Not Addicted
20,Male,10.5,12.1,3.5,0.22,0,0.15,0,0,0,5.2,0.28,31.63,120,7,High,Immediate,Low,High,High,Fair,Average,Entertainment,Yes,Addicted
21,Female,4.8,5.5,1.4,0.58,0,0.42,0,0,0,1.6,0.55,14.53,78,4.5,Medium,Moderate,High,Low,Low,Good,Good,Mixed,No,Not Addicted
22,Female,11.3,13.2,4.5,0.1,0,0.08,0,0,0,6.1,0.18,35.38,130,7.3,Very High,Immediate,Low,Very High,Very High,Poor,Below Average,Entertainment,Yes,Addicted
18,Male,3.2,3.8,0.7,0.68,0,0.55,0,0,0,0.9,0.72,10.22,58,3.2,Medium,Slow,High,Low,Low,Excellent,Excellent,Mixed,No,Not Addicted
19,Female,6.5,7.8,2.2,0.35,0,0.28,0,0,0,2.9,0.38,20.12,107,6,High,Moderate,Medium,Low,Medium,Fair,Good,Mixed,No,Not Addicted
20,Male,10.5,12.1,3.5,0.22,0,0.15,0,0,0,5.2,0.28,31.63,120,7,High,Immediate,Low,High,High,Fair,Average,Entertainment,Yes,Addicted
21,Female,4.8,5.5,1.4,0.58,0,0.42,0,0,0,1.6,0.55,14.53,78,4.5,Medium,Moderate,High,Low,Low,Good,Good,Mixed,No,Not Addicted
22,Female,11.3,13.2,4.5,0.1,0,0.08,0,0,0,6.1,0.18,35.38,130,7.3,Very High,Immediate,Low,Very High,Very High,Poor,Below Average,Entertainment,Yes,Addicted
18,Male,3.2,3.8,0.7,0.68,0,0.55,0,0,0,0.9,0.72,10.22,58,3.2,Medium,Slow,High,Low,Low,Excellent,Excellent,Mixed,No,Not Addicted
19,Female,6.5,7.8,2.2,0.35,0,0.28,0,0,0,2.9,0.38,20.12,107,6,High,Moderate,Medium,Low,Medium,Fair,Good,Mixed,No,Not Addicted
20,Male,10.5,12.1,3.5,0.22,0,0.15,0,0,0,5.2,0.28,31.63,120,7,High,Immediate,Low,High,High,Fair,Average,Entertainment,Yes,Addicted
21,Female,4.8,5.5,1.4,0.58,0,0.42,0,0,0,1.6,0.55,14.53,78,4.5,Medium,Moderate,High,Low,Low,Good,Good,Mixed,No,Not Addicted
22,Female,11.3,13.2,4.5,0.1,0,0.08,0,0,0,6.1,0.18,35.38,130,7.3,Very High,Immediate,Low,Very High,Very High,Poor,Below Average,Entertainment,Yes,Addicted
18,Male,3.2,3.8,0.7,0.68,0,0.55,0,0,0,0.9,0.72,10.22,58,3.2,Medium,Slow,High,Low,Low,Excellent,Excellent,Mixed,No,Not Addicted
19,Female,6.5,7.8,2.2,0.35,0,0.28,0,0,0,2.9,0.38,20.12,107,6,High,Moderate,Medium,Low,Medium,Fair,Good,Mixed,No,Not Addicted
20,Male,10.5,12.1,3.5,0.22,0,0.15,0,0,0,5.2,0.28,31.63,120,7,High,Immediate,Low,High,High,Fair,Average,Entertainment,Yes,Addicted
21,Female,4.8,5.5,1.4,0.58,0,0.42,0,0,0,1.6,0.55,14.53,78,4.5,Medium,Moderate,High,Low,Low,Good,Good,Mixed,No,Not Addicted
22,Female,11.3,13.2,4.5,0.1,0,0.08,0,0,0,6.1,0.18,35.38,130,7.3,Very High,Immediate,Low,Very High,Very High,Poor,Below Average,Entertainment,Yes,Addicted
18,Male,3.2,3.8,0.7,0.68,0,0.55,0,0,0,0.9,0.72,10.22,58,3.2,Medium,Slow,High,Low,Low,Excellent,Excellent,Mixed,No,Not Addicted
19,Female,6.5,7.8,2.2,0.35,0,0.28,0,0,0,2.9,0.38,20.12,107,6,High,Moderate,Medium,Low,Medium,Fair,Good,Mixed,No,Not Addicted
20,Male,10.5,12.1,3.5,0.22,0,0.15,0,0,0,5.2,0.28,31.63,120,7,High,Immediate,Low,High,High,Fair,Average,Entertainment,Yes,Addicted
21,Female,4.8,5.5,1.4,0.58,0,0.42,0,0,0,1.6,0.55,14.53,78,4.5,Medium,Moderate,High,Low,Low,Good,Good,Mixed,No,Not Addicted
22,Female,11.3,13.2,4.5,0.1,0,0.08,0,0,0,6.1,0.18,35.38,130,7.3,Very High,Immediate,Low,Very High,Very High,Poor,Below Average,Entertainment,Yes,Addicted
18,Male,3.2,3.8,0.7,0.68,0,0.55,0,0,0,0.9,0.72,10.22,58,3.2,Medium,Slow,High,Low,Low,Excellent,Excellent,Mixed,No,Not Addicted
19,Female,6.5,7.8,2.2,0.35,0,0.28,0,0,0,2.9,0.38,20.12,107,6,High,Moderate,Medium,Low,Medium,Fair,Good,Mixed,No,Not Addicted
20,Male,10.5,12.1,3.5,0.22,0,0.15,0,0,0,5.2,0.28,31.63,120,7,High,Immediate,Low,High,High,Fair,Average,Entertainment,Yes,Addicted
21,Female,4.8,5.5,1.4,0.58,0,0.42,0,0,0,1.6,0.55,14.53,78,4.5,Medium,Moderate,High,Low,Low,Good,Good,Mixed,No,Not Addicted
22,Female,11.3,13.2,4.5,0.1,0,0.08,0,0,0,6.1,0.18,35.38,130,7.3,Very High,Immediate,Low,Very High,Very High,Poor,Below Average,Entertainment,Yes,Addicted
18,Male,3.2,3.8,0.7,0.68,0,0.55,0,0,0,0.9,0.72,10.22,58,3.2,Medium,Slow,High,Low,Low,Excellent,Excellent,Mixed,No,Not Addicted
19,Female,6.5,7.8,2.2,0.35,0,0.28,0,0,0,2.9,0.38,20.12,107,6,High,Moderate,Medium,Low,Medium,Fair,Good,Mixed,No,Not Addicted
20,Male,10.5,12.1,3.5,0.22,0,0.15,0,0,0,5.2,0.28,31.63,120,7,High,Immediate,Low,High,High,Fair,Average,Entertainment,Yes,Addicted
21,Female,4.8,5.5,1.4,0.58,0,0.42,0,0,0,1.6,0.55,14.53,78,4.5,Medium,Moderate,High,Low,Low,Good,Good,Mixed,No,Not Addicted
22,Female,11.3,13.2,4.5,0.1,0,0.08,0,0,0,6.1,0.18,35.38,130,7.3,Very High,Immediate,Low,Very High,Very High,Poor,Below Average,Entertainment,Yes,Addicted
18,Male,3.2,3.8,0.7,0.68,0,0.55,0,0,0,0.9,0.72,10.22,58,3.2,Medium,Slow,High,Low,Low,Excellent,Excellent,Mixed,No,Not Addicted
19,Female,6.5,7.8,2.2,0.35,0,0.28,0,0,0,2.9,0.38,20.12,107,6,High,Moderate,Medium,Low,Medium,Fair,Good,Mixed,No,Not Addicted
20,Male,10.5,12.1,3.5,0.22,0,0.15,0,0,0,5.2,0.28,31.63,120,7,High,Immediate,Low,High,High,Fair,Average,Entertainment,Yes,Addicted
21,Female,4.8,5.5,1.4,0.58,0,0.42,0,0,0,1.6,0.55,14.53,78,4.5,Medium,Moderate,High,Low,Low,Good,Good,Mixed,No,Not Addicted
22,Female,11.3,13.2,4.5,0.1,0,0.08,0,0,0,6.1,0.18,35.38,130,7.3,Very High,Immediate,Low,Very High,Very High,Poor,Below Average,Entertainment,Yes,Addicted
18,Male,3.2,3.8,0.7,0.68,0,0.55,0,0,0,0.9,0.72,10.22,58,3.2,Medium,Slow,High,Low,Low,Excellent,Excellent,Mixed,No,Not Addicted
19,Female,6.5,7.8,2.2,0.35,0,0.28,0,0,0,2.9,0.38,20.12,107,6,High,Moderate,Medium,Low,Medium,Fair,Good,Mixed,No,Not Addicted
20,Male,10.5,12.1,3.5,0.22,0,0.15,0,0,0,5.2,0.28,31.63,120,7,High,Immediate,Low,High,High,Fair,Average,Entertainment,Yes,Addicted
21,Female,4.8,5.5,1.4,0.58,0,0.42,0,0,0,1.6,0.55,14.53,78,4.5,Medium,Moderate,High,Low,Low,Good,Good,Mixed,No,Not Addicted
22,Female,11.3,13.2,4.5,0.1,0,0.08,0,0,0,6.1,0.18,35.38,130,7.3,Very High,Immediate,Low,Very High,Very High,Poor,Below Average,Entertainment,Yes,Addicted
18,Male,3.2,3.8,0.7,0.68,0,0.55,0,0,0,0.9,0.72,10.22,58,3.2,Medium,Slow,High,Low,Low,Excellent,Excellent,Mixed,No,Not Addicted
19,Female,6.5,7.8,2.2,0.35,0,0.28,0,0,0,2.9,0.38,20.12,107,6,High,Moderate,Medium,Low,Medium,Fair,Good,Mixed,No,Not Addicted
20,Male,10.5,12.1,3.5,0.22,0,0.15,0,0,0,5.2,0.28,31.63,120,7,High,Immediate,Low,High,High,Fair,Average,Entertainment,Yes,Addicted
21,Female,4.8,5.5,1.4,0.58,0,0.42,0,0,0,1.6,0.55,14.53,78,4.5,Medium,Moderate,High,Low,Low,Good,Good,Mixed,No,Not Addicted
22,Female,11.3,13.2,4.5,0.1,0,0.08,0,0,0,6.1,0.18,35.38,130,7.3,Very High,Immediate,Low,Very High,Very High,Poor,Below Average,Entertainment,Yes,Addicted
18,Male,3.2,3.8,0.7,0.68,0,0.55,0,0,0,0.9,0.72,10.22,58,3.2,Medium,Slow,High,Low,Low,Excellent,Excellent,Mixed,No,Not Addicted
19,Female,6.5,7.8,2.2,0.35,0,0.28,0,0,0,2.9,0.38,20.12,107,6,High,Moderate,Medium,Low,Medium,Fair,Good,Mixed,No,Not Addicted
20,Male,10.5,12.1,3.5,0.22,0,0.15,0,0,0,5.2,0.28,31.63,120,7,High,Immediate,Low,High,High,Fair,Average,Entertainment,Yes,Addicted
21,Female,4.8,5.5,1.4,0.58,0,0.42,0,0,0,1.6,0.55,14.53,78,4.5,Medium,Moderate,High,Low,Low,Good,Good,Mixed,No,Not Addicted
22,Female,11.3,13.2,4.5,0.1,0,0.08,0,0,0,6.1,0.18,35.38,130,7.3,Very High,Immediate,Low,Very High,Very High,Poor,Below Average,Entertainment,Yes,Addicted
18,Male,3.2,3.8,0.7,0.68,0,0.55,0,0,0,0.9,0.72,10.22,58,3.2,Medium,Slow,High,Low,Low,Excellent,Excellent,Mixed,No,Not Addicted
19,Female,6.5,7.8,2.2,0.35,0,0.28,0,0,0,2.9,0.38,20.12,107,6,High,Moderate,Medium,Low,Medium,Fair,Good,Mixed,No,Not Addicted
20,Male,10.5,12.1,3.5,0.22,0,0.15,0,0,0,5.2,0.28,31.63,120,7,High,Immediate,Low,High,High,Fair,Average,Entertainment,Yes,Addicted
21,Female,4.8,5.5,1.4,0.58,0,0.42,0,0,0,1.6,0.55,14.53,78,4.5,Medium,Moderate,High,Low,Low,Good,Good,Mixed,No,Not Addicted
22,Female,11.3,13.2,4.5,0.1,0,0.08,0,0,0,6.1,0.18,35.38,130,7.3,Very High,Immediate,Low,Very High,Very High,Poor,Below Average,Entertainment,Yes,Addicted
18,Male,3.2,3.8,0.7,0.68,0,0.55,0,0,0,0.9,0.72,10.22,58,3.2,Medium,Slow,High,Low,Low,Excellent,Excellent,Mixed,No,Not Addicted
19,Female,6.5,7.8,2.2,0.35,0,0.28,0,0,0,2.9,0.38,20.12,107,6,High,Moderate,Medium,Low,Medium,Fair,Good,Mixed,No,Not Addicted
20,Male,10.5,12.1,3.5,0.22,0,0.15,0,0,0,5.2,0.28,31.63,120,7,High,Immediate,Low,High,High,Fair,Average,Entertainment,Yes,Addicted
21,Female,4.8,5.5,1.4,0.58,0,0.42,0,0,0,1.6,0.55,14.53,78,4.5,Medium,Moderate,High,Low,Low,Good,Good,Mixed,No,Not Addicted
22,Female,11.3,13.2,4.5,0.1,0,0.08,0,0,0,6.1,0.18,35.38,130,7.3,Very High,Immediate,Low,Very High,Very High,Poor,Below Average,Entertainment,Yes,Addicted
18,Male,3.2,3.8,0.7,0.68,0,0.55,0,0,0,0.9,0.72,10.22,58,3.2,Medium,Slow,High,Low,Low,Excellent,Excellent,Mixed,No,Not Addicted
19,Female,6.5,7.8,2.2,0.35,0,0.28,0,0,0,2.9,0.38,20.12,107,6,High,Moderate,Medium,Low,Medium,Fair,Good,Mixed,No,Not Addicted
20,Male,10.5,12.1,3.5,0.22,0,0.15,0,0,0,5.2,0.28,31.63,120,7,High,Immediate,Low,High,High,Fair,Average,Entertainment,Yes,Addicted
21,Female,4.8,5.5,1.4,0.58,0,0.42,0,0,0,1.6,0.55,14.53,78,4.5,Medium,Moderate,High,Low,Low,Good,Good,Mixed,No,Not Addicted
22,Female,11.3,13.2,4.5,0.1,0,0.08,0,0,0,6.1,0.18,35.38,130,7.3,Very High,Immediate,Low,Very High,Very High,Poor,Below Average,Entertainment,Yes,Addicted
18,Male,3.2,3.8,0.7,0.68,0,0.55,0,0,0,0.9,0.72,10.22,58,3.2,Medium,Slow,High,Low,Low,Excellent,Excellent,Mixed,No,Not Addicted
19,Female,6.5,7.8,2.2,0.35,0,0.28,0,0,0,2.9,0.38,20.12,107,6,High,Moderate,Medium,Low,Medium,Fair,Good,Mixed,No,Not Addicted
20,Male,10.5,12.1,3.5,0.22,0,0.15,0,0,0,5.2,0.28,31.63,120,7,High,Immediate,Low,High,High,Fair,Average,Entertainment,Yes,Addicted
21,Female,4.8,5.5,1.4,0.58,0,0.42,0,0,0,1.6,0.55,14.53,78,4.5,Medium,Moderate,High,Low,Low,Good,Good,Mixed,No,Not Addicted
22,Female,11.3,13.2,4.5,0.1,0,0.08,0,0,0,6.1,0.18,35.38,130,7.3,Very High,Immediate,Low,Very High,Very High,Poor,Below Average,Entertainment,Yes,Addicted
18,Male,3.2,3.8,0.7,0.68,0,0.55,0,0,0,0.9,0.72,10.22,58,3.2,Medium,Slow,High,Low,Low,Excellent,Excellent,Mixed,No,Not Addicted
19,Female,6.5,7.8,2.2,0.35,0,0.28,0,0,0,2.9,0.38,20.12,107,6,High,Moderate,Medium,Low,Medium,Fair,Good,Mixed,No,Not Addicted
20,Male,10.5,12.1,3.5,0.22,0,0.15,0,0,0,5.2,0.28,31.63,120,7,High,Immediate,Low,High,High,Fair,Average,Entertainment,Yes,Addicted
21,Female,4.8,5.5,1.4,0.58,0,0.42,0,0,0,1.6,0.55,14.53,78,4.5,Medium,Moderate,High,Low,Low,Good,Good,Mixed,No,Not Addicted
22,Female,11.3,13.2,4.5,0.1,0,0.08,0,0,0,6.1,0.18,35.38,130,7.3,Very High,Immediate,Low,Very High,Very High,Poor,Below Average,Entertainment,Yes,Addicted
18,Male,3.2,3.8,0.7,0.68,0,0.55,0,0,0,0.9,0.72,10.22,58,3.2,Medium,Slow,High,Low,Low,Excellent,Excellent,Mixed,No,Not Addicted
19,Female,6.5,7.8,2.2,0.35,0,0.28,0,0,0,2.9,0.38,20.12,107,6,High,Moderate,Medium,Low,Medium,Fair,Good,Mixed,No,Not Addicted
20,Male,10.5,12.1,3.5,0.22,0,0.15,0,0,0,5.2,0.28,31.63,120,7,High,Immediate,Low,High,High,Fair,Average,Entertainment,Yes,Addicted
21,Female,4.8,5.5,1.4,0.58,0,0.42,0,0,0,1.6,0.55,14.53,78,4.5,Medium,Moderate,High,Low,Low,Good,Good,Mixed,No,Not Addicted
22,Female,11.3,13.2,4.5,0.1,0,0.08,0,0,0,6.1,0.18,35.38,130,7.3,Very High,Immediate,Low,Very High,Very High,Poor,Below Average,Entertainment,Yes,Addicted
18,Male,3.2,3.8,0.7,0.68,0,0.55,0,0,0,0.9,0.72,10.22,58,3.2,Medium,Slow,High,Low,Low,Excellent,Excellent,Mixed,No,Not Addicted
19,Female,6.5,7.8,2.2,0.35,0,0.28,0,0,0,2.9,0.38,20.12,107,6,High,Moderate,Medium,Low,Medium,Fair,Good,Mixed,No,Not Addicted
20,Male,10.5,12.1,3.5,0.22,0,0.15,0,0,0,5.2,0.28,31.63,120,7,High,Immediate,Low,High,High,Fair,Average,Entertainment,Yes,Addicted
21,Female,4.8,5.5,1.4,0.58,0,0.42,0,0,0,1.6,0.55,14.53,78,4.5,Medium,Moderate,High,Low,Low,Good,Good,Mixed,No,Not Addicted
22,Female,11.3,13.2,4.5,0.1,0,0.08,0,0,0,6.1,0.18,35.38,130,7.3,Very High,Immediate,Low,Very High,Very High,Poor,Below Average,Entertainment,Yes,Addicted
18,Male,3.2,3.8,0.7,0.68,0,0.55,0,0,0,0.9,0.72,10.22,58,3.2,Medium,Slow,High,Low,Low,Excellent,Excellent,Mixed,No,Not Addicted
19,Female,6.5,7.8,2.2,0.35,0,0.28,0,0,0,2.9,0.38,20.12,107,6,High,Moderate,Medium,Low,Medium,Fair,Good,Mixed,No,Not Addicted
20,Male,10.5,12.1,3.5,0.22,0,0.15,0,0,0,5.2,0.28,31.63,120,7,High,Immediate,Low,High,High,Fair,Average,Entertainment,Yes,Addicted
21,Female,4.8,5.5,1.4,0.58,0,0.42,0,0,0,1.6,0.55,14.53,78,4.5,Medium,Moderate,High,Low,Low,Good,Good,Mixed,No,Not Addicted
22,Female,11.3,13.2,4.5,0.1,0,0.08,0,0,0,6.1,0.18,35.38,130,7.3,Very High,Immediate,Low,Very High,Very High,Poor,Below Average,Entertainment,Yes,Addicted
18,Male,3.2,3.8,0.7,0.68,0,0.55,0,0,0,0.9,0.72,10.22,58,3.2,Medium,Slow,High,Low,Low,Excellent,Excellent,Mixed,No,Not Addicted
19,Female,6.5,7.8,2.2,0.35,0,0.28,0,0,0,2.9,0.38,20.12,107,6,High,Moderate,Medium,Low,Medium,Fair,Good,Mixed,No,Not Addicted
20,Male,10.5,12.1,3.5,0.22,0,0.15,0,0,0,5.2,0.28,31.63,120,7,High,Immediate,Low,High,High,Fair,Average,Entertainment,Yes,Addicted
21,Female,4.8,5.5,1.4,0.58,0,0.42,0,0,0,1.6,0.55,14.53,78,4.5,Medium,Moderate,High,Low,Low,Good,Good,Mixed,No,Not Addicted
22,Female,11.3,13.2,4.5,0.1,0,0.08,0,0,0,6.1,0.18,35.38,130,7.3,Very High,Immediate,Low,Very High,Very High,Poor,Below Average,Entertainment,Yes,Addicted
18,Male,3.2,3.8,0.7,0.68,0,0.55,0,0,0,0.9,0.72,10.22,58,3.2,Medium,Slow,High,Low,Low,Excellent,Excellent,Mixed,No,Not Addicted
19,Female,6.5,7.8,2.2,0.35,0,0.28,0,0,0,2.9,0.38,20.12,107,6,High,Moderate,Medium,Low,Medium,Fair,Good,Mixed,No,Not Addicted
20,Male,10.5,12.1,3.5,0.22,0,0.15,0,0,0,5.2,0.28,31.63,120,7,High,Immediate,Low,High,High,Fair,Average,Entertainment,Yes,Addicted
21,Female,4.8,5.5,1.4,0.58,0,0.42,0,0,0,1.6,0.55,14.53,78,4.5,Medium,Moderate,High,Low,Low,Good,Good,Mixed,No,Not Addicted
22,Female,11.3,13.2,4.5,0.1,0,0.08,0,0,0,6.1,0.18,35.38,130,7.3,Very High,Immediate,Low,Very High,Very High,Poor,Below Average,Entertainment,Yes,Addicted
18,Male,3.2,3.8,0.7,0.68,0,0.55,0,0,0,0.9,0.72,10.22,58,3.2,Medium,Slow,High,Low,Low,Excellent,Excellent,Mixed,No,Not Addicted
19,Female,6.5,7.8,2.2,0.35,0,0.28,0,0,0,2.9,0.38,20.12,107,6,High,Moderate,Medium,Low,Medium,Fair,Good,Mixed,No,Not Addicted
20,Male,10.5,12.1,3.5,0.22,0,0.15,0,0,0,5.2,0.28,31.63,120,7,High,Immediate,Low,High,High,Fair,Average,Entertainment,Yes,Addicted
21,Female,4.8,5.5,1.4,0.58,0,0.42,0,0,0,1.6,0.55,14.53,78,4.5,Medium,Moderate,High,Low,Low,Good,Good,Mixed,No,Not Addicted
22,Female,11.3,13.2,4.5,0.1,0,0.08,0,0,0,6.1,0.18,35.38,130,7.3,Very High,Immediate,Low,Very High,Very High,Poor,Below Average,Entertainment,Yes,Addicted
18,Male,3.2,3.8,0.7,0.68,0,0.55,0,0,0,0.9,0.72,10.22,58,3.2,Medium,Slow,High,Low,Low,Excellent,Excellent,Mixed,No,Not Addicted
19,Female,6.5,7.8,2.2,0.35,0,0.28,0,0,0,2.9,0.38,20.12,107,6,High,Moderate,Medium,Low,Medium,Fair,Good,Mixed,No,Not Addicted
20,Male,10.5,12.1,3.5,0.22,0,0.15,0,0,0,5.2,0.28,31.63,120,7,High,Immediate,Low,High,High,Fair,Average,Entertainment,Yes,Addicted
21,Female,4.8,5.5,1.4,0.58,0,0.42,0,0,0,1.6,0.55,14.53,78,4.5,Medium,Moderate,High,Low,Low,Good,Good,Mixed,No,Not Addicted
22,Female,11.3,13.2,4.5,0.1,0,0.08,0,0,0,6.1,0.18,35.38,130,7.3,Very High,Immediate,Low,Very High,Very High,Poor,Below Average,Entertainment,Yes,Addicted
18,Male,3.2,3.8,0.7,0.68,0,0.55,0,0,0,0.9,0.72,10.22,58,3.2,Medium,Slow,High,Low,Low,Excellent,Excellent,Mixed,No,Not Addicted
19,Female,6.5,7.8,2.2,0.35,0,0.28,0,0,0,2.9,0.38,20.12,107,6,High,Moderate,Medium,Low,Medium,Fair,Good,Mixed,No,Not Addicted
20,Male,10.5,12.1,3.5,0.22,0,0.15,0,0,0,5.2,0.28,31.63,120,7,High,Immediate,Low,High,High,Fair,Average,Entertainment,Yes,Addicted
21,Female,4.8,5.5,1.4,0.58,0,0.42,0,0,0,1.6,0.55,14.53,78,4.5,Medium,Moderate,High,Low,Low,Good,Good,Mixed,No,Not Addicted
22,Female,11.3,13.2,4.5,0.1,0,0.08,0,0,0,6.1,0.18,35.38,130,7.3,Very High,Immediate,Low,Very High,Very High,Poor,Below Average,Entertainment,Yes,Addicted
18,Male,3.2,3.8,0.7,0.68,0,0.55,0,0,0,0.9,0.72,10.22,58,3.2,Medium,Slow,High,Low,Low,Excellent,Excellent,Mixed,No,Not Addicted
19,Female,6.5,7.8,2.2,0.35,0,0.28,0,0,0,2.9,0.38,20.12,107,6,High,Moderate,Medium,Low,Medium,Fair,Good,Mixed,No,Not Addicted
20,Male,10.5,12.1,3.5,0.22,0,0.15,0,0,0,5.2,0.28,31.63,120,7,High,Immediate,Low,High,High,Fair,Average,Entertainment,Yes,Addicted
21,Female,4.8,5.5,1.4,0.58,0,0.42,0,0,0,1.6,0.55,14.53,78,4.5,Medium,Moderate,High,Low,Low,Good,Good,Mixed,No,Not Addicted
22,Female,11.3,13.2,4.5,0.1,0,0.08,0,0,0,6.1,0.18,35.38,130,7.3,Very High,Immediate,Low,Very High,Very High,Poor,Below Average,Entertainment,Yes,Addicted
18,Male,3.2,3.8,0.7,0.68,0,0.55,0,0,0,0.9,0.72,10.22,58,3.2,Medium,Slow,High,Low,Low,Excellent,Excellent,Mixed,No,Not Addicted
19,Female,6.5,7.8,2.2,0.35,0,0.28,0,0,0,2.9,0.38,20.12,107,6,High,Moderate,Medium,Low,Medium,Fair,Good,Mixed,No,Not Addicted
20,Male,10.5,12.1,3.5,0.22,0,0.15,0,0,0,5.2,0.28,31.63,120,7,High,Immediate,Low,High,High,Fair,Average,Entertainment,Yes,Addicted
21,Female,4.8,5.5,1.4,0.58,0,0.42,0,0,0,1.6,0.55,14.53,78,4.5,Medium,Moderate,High,Low,Low,Good,Good,Mixed,No,Not Addicted
22,Female,11.3,13.2,4.5,0.1,0,0.08,0,0,0,6.1,0.18,35.38,130,7.3,Very High,Immediate,Low,Very High,Very High,Poor,Below Average,Entertainment,Yes,Addicted
18,Male,3.2,3.8,0.7,0.68,0,0.55,0,0,0,0.9,0.72,10.22,58,3.2,Medium,Slow,High,Low,Low,Excellent,Excellent,Mixed,No,Not Addicted
19,Female,6.5,7.8,2.2,0.35,0,0.28,0,0,0,2.9,0.38,20.12,107,6,High,Moderate,Medium,Low,Medium,Fair,Good,Mixed,No,Not Addicted
20,Male,10.5,12.1,3.5,0.22,0,0.15,0,0,0,5.2,0.28,31.63,120,7,High,Immediate,Low,High,High,Fair,Average,Entertainment,Yes,Addicted
21,Female,4.8,5.5,1.4,0.58,0,0.42,0,0,0,1.6,0.55,14.53,78,4.5,Medium,Moderate,High,Low,Low,Good,Good,Mixed,No,Not Addicted
22,Female,11.3,13.2,4.5,0.1,0,0.08,0,0,0,6.1,0.18,35.38,130,7.3,Very High,Immediate,Low,Very High,Very High,Poor,Below Average,Entertainment,Yes,Addicted
18,Male,3.2,3.8,0.7,0.68,0,0.55,0,0,0,0.9,0.72,10.22,58,3.2,Medium,Slow,High,Low,Low,Excellent,Excellent,Mixed,No,Not Addicted
19,Female,6.5,7.8,2.2,0.35,0,0.28,0,0,0,2.9,0.38,20.12,107,6,High,Moderate,Medium,Low,Medium,Fair,Good,Mixed,No,Not Addicted
20,Male,10.5,12.1,3.5,0.22,0,0.15,0,0,0,5.2,0.28,31.63,120,7,High,Immediate,Low,High,High,Fair,Average,Entertainment,Yes,Addicted
21,Female,4.8,5.5,1.4,0.58,0,0.42,0,0,0,1.6,0.55,14.53,78,4.5,Medium,Moderate,High,Low,Low,Good,Good,Mixed,No,Not Addicted
22,Female,11.3,13.2,4.5,0.1,0,0.08,0,0,0,6.1,0.18,35.38,130,7.3,Very High,Immediate,Low,Very High,Very High,Poor,Below Average,Entertainment,Yes,Addicted
18,Male,3.2,3.8,0.7,0.68,0,0.55,0,0,0,0.9,0.72,10.22,58,3.2,Medium,Slow,High,Low,Low,Excellent,Excellent,Mixed,No,Not Addicted
19,Female,6.5,7.8,2.2,0.35,0,0.28,0,0,0,2.9,0.38,20.12,107,6,High,Moderate,Medium,Low,Medium,Fair,Good,Mixed,No,Not Addicted
20,Male,10.5,12.1,3.5,0.22,0,0.15,0,0,0,5.2,0.28,31.63,120,7,High,Immediate,Low,High,High,Fair,Average,Entertainment,Yes,Addicted
21,Female,4.8,5.5,1.4,0.58,0,0.42,0,0,0,1.6,0.55,14.53,78,4.5,Medium,Moderate,High,Low,Low,Good,Good,Mixed,No,Not Addicted
22,Female,11.3,13.2,4.5,0.1,0,0.08,0,0,0,6.1,0.18,35.38,130,7.3,Very High,Immediate,Low,Very High,Very High,Poor,Below Average,Entertainment,Yes,Addicted
18,Male,3.2,3.8,0.7,0.68,0,0.55,0,0,0,0.9,0.72,10.22,58,3.2,Medium,Slow,High,Low,Low,Excellent,Excellent,Mixed,No,Not Addicted
19,Female,6.5,7.8,2.2,0.35,0,0.28,0,0,0,2.9,0.38,20.12,107,6,High,Moderate,Medium,Low,Medium,Fair,Good,Mixed,No,Not Addicted
20,Male,10.5,12.1,3.5,0.22,0,0.15,0,0,0,5.2,0.28,31.63,120,7,High,Immediate,Low,High,High,Fair,Average,Entertainment,Yes,Addicted
21,Female,4.8,5.5,1.4,0.58,0,0.42,0,0,0,1.6,0.55,14.53,78,4.5,Medium,Moderate,High,Low,Low,Good,Good,Mixed,No,Not Addicted
22,Female,11.3,13.2,4.5,0.1,0,0.08,0,0,0,6.1,0.18,35.38,130,7.3,Very High,Immediate,Low,Very High,Very High,Poor,Below Average,Entertainment,Yes,Addicted
18,Male,3.2,3.8,0.7,0.68,0,0.55,0,0,0,0.9,0.72,10.22,58,3.2,Medium,Slow,High,Low,Low,Excellent,Excellent,Mixed,No,Not Addicted
19,Female,6.5,7.8,2.2,0.35,0,0.28,0,0,0,2.9,0.38,20.12,107,6,High,Moderate,Medium,Low,Medium,Fair,Good,Mixed,No,Not Addicted
20,Male,10.5,12.1,3.5,0.22,0,0.15,0,0,0,5.2,0.28,31.63,120,7,High,Immediate,Low,High,High,Fair,Average,Entertainment,Yes,Addicted
21,Female,4.8,5.5,1.4,0.58,0,0.42,0,0,0,1.6,0.55,14.53,78,4.5,Medium,Moderate,High,Low,Low,Good,Good,Mixed,No,Not Addicted
22,Female,11.3,13.2,4.5,0.1,0,0.08,0,0,0,6.1,0.18,35.38,130,7.3,Very High,Immediate,Low,Very High,Very High,Poor,Below Average,Entertainment,Yes,Addicted
18,Male,3.2,3.8,0.7,0.68,0,0.55,0,0,0,0.9,0.72,10.22,58,3.2,Medium,Slow,High,Low,Low,Excellent,Excellent,Mixed,No,Not Addicted
19,Female,6.5,7.8,2.2,0.35,0,0.28,0,0,0,2.9,0.38,20.12,107,6,High,Moderate,Medium,Low,Medium,Fair,Good,Mixed,No,Not Addicted
20,Male,10.5,12.1,3.5,0.22,0,0.15,0,0,0,5.2,0.28,31.63,120,7,High,Immediate,Low,High,High,Fair,Average,Entertainment,Yes,Addicted
21,Female,4.8,5.5,1.4,0.58,0,0.42,0,0,0,1.6,0.55,14.53,78,4.5,Medium,Moderate,High,Low,Low,Good,Good,Mixed,No,Not Addicted
22,Female,11.3,13.2,4.5,0.1,0,0.08,0,0,0,6.1,0.18,35.38,130,7.3,Very High,Immediate,Low,Very High,Very High,Poor,Below Average,Entertainment,Yes,Addicted
18,Male,3.2,3.8,0.7,0.68,0,0.55,0,0,0,0.9,0.72,10.22,58,3.2,Medium,Slow,High,Low,Low,Excellent,Excellent,Mixed,No,Not Addicted
19,Female,6.5,7.8,2.2,0.35,0,0.28,0,0,0,2.9,0.38,20.12,107,6,High,Moderate,Medium,Low,Medium,Fair,Good,Mixed,No,Not Addicted
20,Male,10.5,12.1,3.5,0.22,0,0.15,0,0,0,5.2,0.28,31.63,120,7,High,Immediate,Low,High,High,Fair,Average,Entertainment,Yes,Addicted
21,Female,4.8,5.5,1.4,0.58,0,0.42,0,0,0,1.6,0.55,14.53,78,4.5,Medium,Moderate,High,Low,Low,Good,Good,Mixed,No,Not Addicted
22,Female,11.3,13.2,4.5,0.1,0,0.08,0,0,0,6.1,0.18,35.38,130,7.3,Very High,Immediate,Low,Very High,Very High,Poor,Below Average,Entertainment,Yes,Addicted
18,Male,3.2,3.8,0.7,0.68,0,0.55,0,0,0,0.9,0.72,10.22,58,3.2,Medium,Slow,High,Low,Low,Excellent,Excellent,Mixed,No,Not Addicted
19,Female,6.5,7.8,2.2,0.35,0,0.28,0,0,0,2.9,0.38,20.12,107,6,High,Moderate,Medium,Low,Medium,Fair,Good,Mixed,No,Not Addicted
20,Male,10.5,12.1,3.5,0.22,0,0.15,0,0,0,5.2,0.28,31.63,120,7,High,Immediate,Low,High,High,Fair,Average,Entertainment,Yes,Addicted
21,Female,4.8,5.5,1.4,0.58,0,0.42,0,0,0,1.6,0.55,14.53,78,4.5,Medium,Moderate,High,Low,Low,Good,Good,Mixed,No,Not Addicted
22,Female,11.3,13.2,4.5,0.1,0,0.08,0,0,0,6.1,0.18,35.38,130,7.3,Very High,Immediate,Low,Very High,Very High,Poor,Below Average,Entertainment,Yes,Addicted
18,Male,3.2,3.8,0.7,0.68,0,0.55,0,0,0,0.9,0.72,10.22,58,3.2,Medium,Slow,High,Low,Low,Excellent,Excellent,Mixed,No,Not Addicted
19,Female,6.5,7.8,2.2,0.35,0,0.28,0,0,0,2.9,0.38,20.12,107,6,High,Moderate,Medium,Low,Medium,Fair,Good,Mixed,No,Not Addicted
13,Male,10.5,12.1,3.5,0.22,0,0.15,0,0,0,5.2,0.28,31.63,120,7,High,Immediate,Low,High,High,Fair,Average,Entertainment,Yes,Addicted
21,Female,4.8,5.5,1.4,0.58,0,0.42,0,0,0,1.6,0.55,14.53,78,4.5,Medium,Moderate,High,Low,Low,Good,Good,Mixed,No,Not Addicted
22,Female,11.3,13.2,4.5,0.1,0,0.08,0,0,0,6.1,0.18,35.38,130,7.3,Very High,Immediate,Low,Very High,Very High,Poor,Below Average,Entertainment,Yes,Addicted
18,Male,3.2,3.8,0.7,0.68,0,0.55,0,0,0,0.9,0.72,10.22,58,3.2,Medium,Slow,High,Low,Low,Excellent,Excellent,Mixed,No,Not Addicted
19,Female,6.5,7.8,2.2,0.35,0,0.28,0,0,0,2.9,0.38,20.12,107,6,High,Moderate,Medium,Low,Medium,Fair,Good,Mixed,No,Not Addicted
20,Male,10.5,12.1,3.5,0.22,0,0.15,0,0,0,5.2,0.28,31.63,120,7,High,Immediate,Low,High,High,Fair,Average,Entertainment,Yes,Addicted
21,Female,4.8,5.5,1.4,0.58,0,0.42,0,0,0,1.6,0.55,14.53,78,4.5,Medium,Moderate,High,Low,Low,Good,Good,Mixed,No,Not Addicted
22,Female,11.3,13.2,4.5,0.1,0,0.08,0,0,0,6.1,0.18,35.38,130,7.3,Very High,Immediate,Low,Very High,Very High,Poor,Below Average,Entertainment,Yes,Addicted
18,Male,3.2,3.8,0.7,0.68,0,0.55,0,0,0,0.9,0.72,10.22,58,3.2,Medium,Slow,High,Low,Low,Excellent,Excellent,Mixed,No,Not Addicted
19,Female,6.5,7.8,2.2,0.35,0,0.28,0,0,0,2.9,0.38,20.12,107,6,High,Moderate,Medium,Low,Medium,Fair,Good,Mixed,No,Not Addicted
13,Male,10.5,12.1,3.5,0.22,0,0.15,0,0,0,5.2,0.28,31.63,120,7,High,Immediate,Low,High,High,Fair,Average,Entertainment,Yes,Addicted
21,Female,4.8,5.5,1.4,0.58,0,0.42,0,0,0,1.6,0.55,14.53,78,4.5,Medium,Moderate,High,Low,Low,Good,Good,Mixed,No,Not Addicted
22,Female,11.3,13.2,4.5,0.1,0,0.08,0,0,0,6.1,0.18,35.38,130,7.3,Very High,Immediate,Low,Very High,Very High,Poor,Below Average,Entertainment,Yes,Addicted
18,Male,3.2,3.8,0.7,0.68,0,0.55,0,0,0,0.9,0.72,10.22,58,3.2,Medium,Slow,High,Low,Low,Excellent,Excellent,Mixed,No,Not Addicted
19,Female,6.5,7.8,2.2,0.35,0,0.28,0,0,0,2.9,0.38,20.12,107,6,High,Moderate,Medium,Low,Medium,Fair,Good,Mixed,No,Not Addicted
20,Male,10.5,12.1,3.5,0.22,0,0.15,0,0,0,5.2,0.28,31.63,120,7,High,Immediate,Low,High,High,Fair,Average,Entertainment,Yes,Addicted
21,Female,4.8,5.5,1.4,0.58,0,0.42,0,0,0,1.6,0.55,14.53,78,4.5,Medium,Moderate,High,Low,Low,Good,Good,Mixed,No,Not Addicted
22,Female,11.3,13.2,4.5,0.1,0,0.08,0,0,0,6.1,0.18,35.38,130,7.3,Very High,Immediate,Low,Very High,Very High,Poor,Below Average,Entertainment,Yes,Addicted
18,Male,3.2,3.8,0.7,0.68,0,0.55,0,0,0,0.9,0.72,10.22,58,3.2,Medium,Slow,High,Low,Low,Excellent,Excellent,Mixed,No,Not Addicted
19,Female,6.5,7.8,2.2,0.35,0,0.28,0,0,0,2.9,0.38,20.12,107,6,High,Moderate,Medium,Low,Medium,Fair,Good,Mixed,No,Not Addicted
20,Male,10.5,12.1,3.5,0.22,0,0.15,0,0,0,5.2,0.28,31.63,120,7,High,Immediate,Low,High,High,Fair,Average,Entertainment,Yes,Addicted
21,Female,4.8,5.5,1.4,0.58,0,0.42,0,0,0,1.6,0.55,14.53,78,4.5,Medium,Moderate,High,Low,Low,Good,Good,Mixed,No,Not Addicted
22,Female,11.3,13.2,4.5,0.1,0,0.08,0,0,0,6.1,0.18,35.38,130,7.3,Very High,Immediate,Low,Very High,Very High,Poor,Below Average,Entertainment,Yes,Addicted
18,Male,3.2,3.8,0.7,0.68,0,0.55,0,0,0,0.9,0.72,10.22,58,3.2,Medium,Slow,High,Low,Low,Excellent,Excellent,Mixed,No,Not Addicted
12,Female,6.5,7.8,2.2,0.35,0,0.28,0,0,0,2.9,0.38,20.12,107,6,High,Moderate,Medium,Low,Medium,Fair,Good,Mixed,No,Not Addicted
20,Male,10.5,12.1,3.5,0.22,0,0.15,0,0,0,5.2,0.28,31.63,120,7,High,Immediate,Low,High,High,Fair,Average,Entertainment,Yes,Addicted
21,Female,4.8,5.5,1.4,0.58,0,0.42,0,0,0,1.6,0.55,14.53,78,4.5,Medium,Moderate,High,Low,Low,Good,Good,Mixed,No,Not Addicted
22,Female,11.3,13.2,4.5,0.1,0,0.08,0,0,0,6.1,0.18,35.38,130,7.3,Very High,Immediate,Low,Very High,Very High,Poor,Below Average,Entertainment,Yes,Addicted
18,Male,3.2,3.8,0.7,0.68,0,0.55,0,0,0,0.9,0.72,10.22,58,3.2,Medium,Slow,High,Low,Low,Excellent,Excellent,Mixed,No,Not Addicted
19,Female,6.5,7.8,2.2,0.35,0,0.28,0,0,0,2.9,0.38,20.12,107,6,High,Moderate,Medium,Low,Medium,Fair,Good,Mixed,No,Not Addicted
20,Male,10.5,12.1,3.5,0.22,0,0.15,0,0,0,5.2,0.28,31.63,120,7,High,Immediate,Low,High,High,Fair,Average,Entertainment,Yes,Addicted
21,Female,4.8,5.5,1.4,0.58,0,0.42,0,0,0,1.6,0.55,14.53,78,4.5,Medium,Moderate,High,Low,Low,Good,Good,Mixed,No,Not Addicted
22,Female,11.3,13.2,4.5,0.1,0,0.08,0,0,0,6.1,0.18,35.38,130,7.3,Very High,Immediate,Low,Very High,Very High,Poor,Below Average,Entertainment,Yes,Addicted
18,Male,3.2,3.8,0.7,0.68,0,0.55,0,0,0,0.9,0.72,10.22,58,3.2,Medium,Slow,High,Low,Low,Excellent,Excellent,Mixed,No,Not Addicted
12,Female,6.5,7.8,2.2,0.35,0,0.28,0,0,0,2.9,0.38,20.12,107,6,High,Moderate,Medium,Low,Medium,Fair,Good,Mixed,No,Not Addicted
20,Male,10.5,12.1,3.5,0.22,0,0.15,0,0,0,5.2,0.28,31.63,120,7,High,Immediate,Low,High,High,Fair,Average,Entertainment,Yes,Addicted
21,Female,4.8,5.5,1.4,0.58,0,0.42,0,0,0,1.6,0.55,14.53,78,4.5,Medium,Moderate,High,Low,Low,Good,Good,Mixed,No,Not Addicted
22,Female,11.3,13.2,4.5,0.1,0,0.08,0,0,0,6.1,0.18,35.38,130,7.3,Very High,Immediate,Low,Very High,Very High,Poor,Below Average,Entertainment,Yes,Addicted
18,Male,3.2,3.8,0.7,0.68,0,0.55,0,0,0,0.9,0.72,10.22,58,3.2,Medium,Slow,High,Low,Low,Excellent,Excellent,Mixed,No,Not Addicted
19,Female,6.5,7.8,2.2,0.35,0,0.28,0,0,0,2.9,0.38,20.12,107,6,High,Moderate,Medium,Low,Medium,Fair,Good,Mixed,No,Not Addicted
12,Male,10.5,12.1,3.5,0.22,0,0.15,0,0,0,5.2,0.28,31.63,120,7,High,Immediate,Low,High,High,Fair,Average,Entertainment,Yes,Addicted
21,Female,4.8,5.5,1.4,0.58,0,0.42,0,0,0,1.6,0.55,14.53,78,4.5,Medium,Moderate,High,Low,Low,Good,Good,Mixed,No,Not Addicted
22,Female,11.3,13.2,4.5,0.1,0,0.08,0,0,0,6.1,0.18,35.38,130,7.3,Very High,Immediate,Low,Very High,Very High,Poor,Below Average,Entertainment,Yes,Addicted
18,Male,3.2,3.8,0.7,0.68,0,0.55,0,0,0,0.9,0.72,10.22,58,3.2,Medium,Slow,High,Low,Low,Excellent,Excellent,Mixed,No,Not Addicted
19,Female,6.5,7.8,2.2,0.35,0,0.28,0,0,0,2.9,0.38,20.12,107,6,High,Moderate,Medium,Low,Medium,Fair,Good,Mixed,No,Not Addicted
20,Male,10.5,12.1,3.5,0.22,0,0.15,0,0,0,5.2,0.28,31.63,120,7,High,Immediate,Low,High,High,Fair,Average,Entertainment,Yes,Addicted
11,Female,4.8,5.5,1.4,0.58,0,0.42,0,0,0,1.6,0.55,14.53,78,4.5,Medium,Moderate,High,Low,Low,Good,Good,Mixed,No,Not Addicted
22,Female,11.3,13.2,4.5,0.1,0,0.08,0,0,0,6.1,0.18,35.38,130,7.3,Very High,Immediate,Low,Very High,Very High,Poor,Below Average,Entertainment,Yes,Addicted
18,Male,3.2,3.8,0.7,0.68,0,0.55,0,0,0,0.9,0.72,10.22,58,3.2,Medium,Slow,High,Low,Low,Excellent,Excellent,Mixed,No,Not Addicted
19,Female,6.5,7.8,2.2,0.35,0,0.28,0,0,0,2.9,0.38,20.12,107,6,High,Moderate,Medium,Low,Medium,Fair,Good,Mixed,No,Not Addicted
20,Male,10.5,12.1,3.5,0.22,0,0.15,0,0,0,5.2,0.28,31.63,120,7,High,Immediate,Low,High,High,Fair,Average,Entertainment,Yes,Addicted
21,Female,4.8,5.5,1.4,0.58,0,0.42,0,0,0,1.6,0.55,14.53,78,4.5,Medium,Moderate,High,Low,Low,Good,Good,Mixed,No,Not Addicted
11,Female,11.3,13.2,4.5,0.1,0,0.08,0,0,0,6.1,0.18,35.38,130,7.3,Very High,Immediate,Low,Very High,Very High,Poor,Below Average,Entertainment,Yes,Addicted
18,Male,3.2,3.8,0.7,0.68,0,0.55,0,0,0,0.9,0.72,10.22,58,3.2,Medium,Slow,High,Low,Low,Excellent,Excellent,Mixed,No,Not Addicted
19,Female,6.5,7.8,2.2,0.35,0,0.28,0,0,0,2.9,0.38,20.12,107,6,High,Moderate,Medium,Low,Medium,Fair,Good,Mixed,No,Not Addicted
20,Male,10.5,12.1,3.5,0.22,0,0.15,0,0,0,5.2,0.28,31.63,120,7,High,Immediate,Low,High,High,Fair,Average,Entertainment,Yes,Addicted
21,Female,4.8,5.5,1.4,0.58,0,0.42,0,0,0,1.6,0.55,14.53,78,4.5,Medium,Moderate,High,Low,Low,Good,Good,Mixed,No,Not Addicted
11,Female,11.3,13.2,4.5,0.1,0,0.08,0,0,0,6.1,0.18,35.38,130,7.3,Very High,Immediate,Low,Very High,Very High,Poor,Below Average,Entertainment,Yes,Addicted
18,Male,3.2,3.8,0.7,0.68,0,0.55,0,0,0,0.9,0.72,10.22,58,3.2,Medium,Slow,High,Low,Low,Excellent,Excellent,Mixed,No,Not Addicted
19,Female,6.5,7.8,2.2,0.35,0,0.28,0,0,0,2.9,0.38,20.12,107,6,High,Moderate,Medium,Low,Medium,Fair,Good,Mixed,No,Not Addicted
20,Male,10.5,12.1,3.5,0.22,0,0.15,0,0,0,5.2,0.28,31.63,120,7,High,Immediate,Low,High,High,Fair,Average,Entertainment,Yes,Addicted
11,Female,4.8,5.5,1.4,0.58,0,0.42,0,0,0,1.6,0.55,14.53,78,4.5,Medium,Moderate,High,Low,Low,Good,Good,Mixed,No,Not Addicted
22,Female,11.3,13.2,4.5,0.1,0,0.08,0,0,0,6.1,0.18,35.38,130,7.3,Very High,Immediate,Low,Very High,Very High,Poor,Below Average,Entertainment,Yes,Addicted
18,Male,3.2,3.8,0.7,0.68,0,0.55,0,0,0,0.9,0.72,10.22,58,3.2,Medium,Slow,High,Low,Low,Excellent,Excellent,Mixed,No,Not Addicted
19,Female,6.5,7.8,2.2,0.35,0,0.28,0,0,0,2.9,0.38,20.12,107,6,High,Moderate,Medium,Low,Medium,Fair,Good,Mixed,No,Not Addicted
20,Male,10.5,12.1,3.5,0.22,0,0.15,0,0,0,5.2,0.28,31.63,120,7,High,Immediate,Low,High,High,Fair,Average,Entertainment,Yes,Addicted
21,Female,4.8,5.5,1.4,0.58,0,0.42,0,0,0,1.6,0.55,14.53,78,4.5,Medium,Moderate,High,Low,Low,Good,Good,Mixed,No,Not Addicted
22,Female,11.3,13.2,4.5,0.1,0,0.08,0,0,0,6.1,0.18,35.38,130,7.3,Very High,Immediate,Low,Very High,Very High,Poor,Below Average,Entertainment,Yes,Addicted
18,Male,3.2,3.8,0.7,0.68,0,0.55,0,0,0,0.9,0.72,10.22,58,3.2,Medium,Slow,High,Low,Low,Excellent,Excellent,Mixed,No,Not Addicted
10,Female,6.5,7.8,2.2,0.35,0,0.28,0,0,0,2.9,0.38,20.12,107,6,High,Moderate,Medium,Low,Medium,Fair,Good,Mixed,No,Not Addicted
20,Male,10.5,12.1,3.5,0.22,0,0.15,0,0,0,5.2,0.28,31.63,120,7,High,Immediate,Low,High,High,Fair,Average,Entertainment,Yes,Addicted
21,Female,4.8,5.5,1.4,0.58,0,0.42,0,0,0,1.6,0.55,14.53,78,4.5,Medium,Moderate,High,Low,Low,Good,Good,Mixed,No,Not Addicted
22,Female,11.3,13.2,4.5,0.1,0,0.08,0,0,0,6.1,0.18,35.38,130,7.3,Very High,Immediate,Low,Very High,Very High,Poor,Below Average,Entertainment,Yes,Addicted
18,Male,3.2,3.8,0.7,0.68,0,0.55,0,0,0,0.9,0.72,10.22,58,3.2,Medium,Slow,High,Low,Low,Excellent,Excellent,Mixed,No,Not Addicted
19,Female,6.5,7.8,2.2,0.35,0,0.28,0,0,0,2.9,0.38,20.12,107,6,High,Moderate,Medium,Low,Medium,Fair,Good,Mixed,No,Not Addicted
10,Male,10.5,12.1,3.5,0.22,0,0.15,0,0,0,5.2,0.28,31.63,120,7,High,Immediate,Low,High,High,Fair,Average,Entertainment,Yes,Addicted
21,Female,4.8,5.5,1.4,0.58,0,0.42,0,0,0,1.6,0.55,14.53,78,4.5,Medium,Moderate,High,Low,Low,Good,Good,Mixed,No,Not Addicted
22,Female,11.3,13.2,4.5,0.1,0,0.08,0,0,0,6.1,0.18,35.38,130,7.3,Very High,Immediate,Low,Very High,Very High,Poor,Below Average,Entertainment,Yes,Addicted
18,Male,3.2,3.8,0.7,0.68,0,0.55,0,0,0,0.9,0.72,10.22,58,3.2,Medium,Slow,High,Low,Low,Excellent,Excellent,Mixed,No,Not Addicted
19,Female,6.5,7.8,2.2,0.35,0,0.28,0,0,0,2.9,0.38,20.12,107,6,High,Moderate,Medium,Low,Medium,Fair,Good,Mixed,No,Not Addicted
20,Male,10.5,12.1,3.5,0.22,0,0.15,0,0,0,5.2,0.28,31.63,120,7,High,Immediate,Low,High,High,Fair,Average,Entertainment,Yes,Addicted
21,Female,4.8,5.5,1.4,0.58,0,0.42,0,0,0,1.6,0.55,14.53,78,4.5,Medium,Moderate,High,Low,Low,Good,Good,Mixed,No,Not Addicted
22,Female,11.3,13.2,4.5,0.1,0,0.08,0,0,0,6.1,0.18,35.38,130,7.3,Very High,Immediate,Low,Very High,Very High,Poor,Below Average,Entertainment,Yes,Addicted
18,Male,3.2,3.8,0.7,0.68,0,0.55,0,0,0,0.9,0.72,10.22,58,3.2,Medium,Slow,High,Low,Low,Excellent,Excellent,Mixed,No,Not Addicted
19,Female,6.5,7.8,2.2,0.35,0,0.28,0,0,0,2.9,0.38,20.12,107,6,High,Moderate,Medium,Low,Medium,Fair,Good,Mixed,No,Not Addicted
20,Male,10.5,12.1,3.5,0.22,0,0.15,0,0,0,5.2,0.28,31.63,120,7,High,Immediate,Low,High,High,Fair,Average,Entertainment,Yes,Addicted
21,Female,4.8,5.5,1.4,0.58,0,0.42,0,0,0,1.6,0.55,14.53,78,4.5,Medium,Moderate,High,Low,Low,Good,Good,Mixed,No,Not Addicted
22,Female,11.3,13.2,4.5,0.1,0,0.08,0,0,0,6.1,0.18,35.38,130,7.3,Very High,Immediate,Low,Very High,Very High,Poor,Below Average,Entertainment,Yes,Addicted
18,Male,3.2,3.8,0.7,0.68,0,0.55,0,0,0,0.9,0.72,10.22,58,3.2,Medium,Slow,High,Low,Low,Excellent,Excellent,Mixed,No,Not Addicted
19,Female,6.5,7.8,2.2,0.35,0,0.28,0,0,0,2.9,0.38,20.12,107,6,High,Moderate,Medium,Low,Medium,Fair,Good,Mixed,No,Not Addicted
20,Male,10.5,12.1,3.5,0.22,0,0.15,0,0,0,5.2,0.28,31.63,120,7,High,Immediate,Low,High,High,Fair,Average,Entertainment,Yes,Addicted
21,Female,4.8,5.5,1.4,0.58,0,0.42,0,0,0,1.6,0.55,14.53,78,4.5,Medium,Moderate,High,Low,Low,Good,Good,Mixed,No,Not Addicted
22,Female,11.3,13.2,4.5,0.1,0,0.08,0,0,0,6.1,0.18,35.38,130,7.3,Very High,Immediate,Low,Very High,Very High,Poor,Below Average,Entertainment,Yes,Addicted
18,Male,3.2,3.8,0.7,0.68,0,0.55,0,0,0,0.9,0.72,10.22,58,3.2,Medium,Slow,High,Low,Low,Excellent,Excellent,Mixed,No,Not Addicted
19,Female,6.5,7.8,2.2,0.35,0,0.28,0,0,0,2.9,0.38,20.12,107,6,High,Moderate,Medium,Low,Medium,Fair,Good,Mixed,No,Not Addicted
20,Male,10.5,12.1,3.5,0.22,0,0.15,0,0,0,5.2,0.28,31.63,120,7,High,Immediate,Low,High,High,Fair,Average,Entertainment,Yes,Addicted
21,Female,4.8,5.5,1.4,0.58,0,0.42,0,0,0,1.6,0.55,14.53,78,4.5,Medium,Moderate,High,Low,Low,Good,Good,Mixed,No,Not Addicted
22,Female,11.3,13.2,4.5,0.1,0,0.08,0,0,0,6.1,0.18,35.38,130,7.3,Very High,Immediate,Low,Very High,Very High,Poor,Below Average,Entertainment,Yes,Addicted
18,Male,3.2,3.8,0.7,0.68,0,0.55,0,0,0,0.9,0.72,10.22,58,3.2,Medium,Slow,High,Low,Low,Excellent,Excellent,Mixed,No,Not Addicted
19,Female,6.5,7.8,2.2,0.35,0,0.28,0,0,0,2.9,0.38,20.12,107,6,High,Moderate,Medium,Low,Medium,Fair,Good,Mixed,No,Not Addicted
20,Male,10.5,12.1,3.5,0.22,0,0.15,0,0,0,5.2,0.28,31.63,120,7,High,Immediate,Low,High,High,Fair,Average,Entertainment,Yes,Addicted
21,Female,4.8,5.5,1.4,0.58,0,0.42,0,0,0,1.6,0.55,14.53,78,4.5,Medium,Moderate,High,Low,Low,Good,Good,Mixed,No,Not Addicted
22,Female,11.3,13.2,4.5,0.1,0,0.08,0,0,0,6.1,0.18,35.38,130,7.3,Very High,Immediate,Low,Very High,Very High,Poor,Below Average,Entertainment,Yes,Addicted
18,Male,3.2,3.8,0.7,0.68,0,0.55,0,0,0,0.9,0.72,10.22,58,3.2,Medium,Slow,High,Low,Low,Excellent,Excellent,Mixed,No,Not Addicted
19,Female,6.5,7.8,2.2,0.35,0,0.28,0,0,0,2.9,0.38,20.12,107,6,High,Moderate,Medium,Low,Medium,Fair,Good,Mixed,No,Not Addicted
20,Male,10.5,12.1,3.5,0.22,0,0.15,0,0,0,5.2,0.28,31.63,120,7,High,Immediate,Low,High,High,Fair,Average,Entertainment,Yes,Addicted
21,Female,4.8,5.5,1.4,0.58,0,0.42,0,0,0,1.6,0.55,14.53,78,4.5,Medium,Moderate,High,Low,Low,Good,Good,Mixed,No,Not Addicted
10,Female,11.3,13.2,4.5,0.1,0,0.08,0,0,0,6.1,0.18,35.38,130,7.3,Very High,Immediate,Low,Very High,Very High,Poor,Below Average,Entertainment,Yes,Addicted
18,Male,3.2,3.8,0.7,0.68,0,0.55,0,0,0,0.9,0.72,10.22,58,3.2,Medium,Slow,High,Low,Low,Excellent,Excellent,Mixed,No,Not Addicted
19,Female,6.5,7.8,2.2,0.35,0,0.28,0,0,0,2.9,0.38,20.12,107,6,High,Moderate,Medium,Low,Medium,Fair,Good,Mixed,No,Not Addicted
20,Male,10.5,12.1,3.5,0.22,0,0.15,0,0,0,5.2,0.28,31.63,120,7,High,Immediate,Low,High,High,Fair,Average,Entertainment,Yes,Addicted
21,Female,4.8,5.5,1.4,0.58,0,0.42,0,0,0,1.6,0.55,14.53,78,4.5,Medium,Moderate,High,Low,Low,Good,Good,Mixed,No,Not Addicted
22,Female,11.3,13.2,4.5,0.1,0,0.08,0,0,0,6.1,0.18,35.38,130,7.3,Very High,Immediate,Low,Very High,Very High,Poor,Below Average,Entertainment,Yes,Addicted
13,Male,3.2,3.8,0.7,0.68,0,0.55,0,0,0,0.9,0.72,10.22,58,3.2,Medium,Slow,High,Low,Low,Excellent,Excellent,Mixed,No,Not Addicted
19,Female,6.5,7.8,2.2,0.35,0,0.28,0,0,0,2.9,0.38,20.12,107,6,High,Moderate,Medium,Low,Medium,Fair,Good,Mixed,No,Not Addicted
20,Male,10.5,12.1,3.5,0.22,0,0.15,0,0,0,5.2,0.28,31.63,120,7,High,Immediate,Low,High,High,Fair,Average,Entertainment,Yes,Addicted
21,Female,4.8,5.5,1.4,0.58,0,0.42,0,0,0,1.6,0.55,14.53,78,4.5,Medium,Moderate,High,Low,Low,Good,Good,Mixed,No,Not Addicted
22,Female,11.3,13.2,4.5,0.1,0,0.08,0,0,0,6.1,0.18,35.38,130,7.3,Very High,Immediate,Low,Very High,Very High,Poor,Below Average,Entertainment,Yes,Addicted
18,Male,3.2,3.8,0.7,0.68,0,0.55,0,0,0,0.9,0.72,10.22,58,3.2,Medium,Slow,High,Low,Low,Excellent,Excellent,Mixed,No,Not Addicted
19,Female,6.5,7.8,2.2,0.35,0,0.28,0,0,0,2.9,0.38,20.12,107,6,High,Moderate,Medium,Low,Medium,Fair,Good,Mixed,No,Not Addicted
13,Male,10.5,12.1,3.5,0.22,0,0.15,0,0,0,5.2,0.28,31.63,120,7,High,Immediate,Low,High,High,Fair,Average,Entertainment,Yes,Addicted
21,Female,4.8,5.5,1.4,0.58,0,0.42,0,0,0,1.6,0.55,14.53,78,4.5,Medium,Moderate,High,Low,Low,Good,Good,Mixed,No,Not Addicted
22,Female,11.3,13.2,4.5,0.1,0,0.08,0,0,0,6.1,0.18,35.38,130,7.3,Very High,Immediate,Low,Very High,Very High,Poor,Below Average,Entertainment,Yes,Addicted
18,Male,3.2,3.8,0.7,0.68,0,0.55,0,0,0,0.9,0.72,10.22,58,3.2,Medium,Slow,High,Low,Low,Excellent,Excellent,Mixed,No,Not Addicted
14,Female,6.5,7.8,2.2,0.35,0,0.28,0,0,0,2.9,0.38,20.12,107,6,High,Moderate,Medium,Low,Medium,Fair,Good,Mixed,No,Not Addicted
20,Male,10.5,12.1,3.5,0.22,0,0.15,0,0,0,5.2,0.28,31.63,120,7,High,Immediate,Low,High,High,Fair,Average,Entertainment,Yes,Addicted
21,Female,4.8,5.5,1.4,0.58,0,0.42,0,0,0,1.6,0.55,14.53,78,4.5,Medium,Moderate,High,Low,Low,Good,Good,Mixed,No,Not Addicted
14,Female,11.3,13.2,4.5,0.1,0,0.08,0,0,0,6.1,0.18,35.38,130,7.3,Very High,Immediate,Low,Very High,Very High,Poor,Below Average,Entertainment,Yes,Addicted
18,Male,3.2,3.8,0.7,0.68,0,0.55,0,0,0,0.9,0.72,10.22,58,3.2,Medium,Slow,High,Low,Low,Excellent,Excellent,Mixed,No,Not Addicted
19,Female,6.5,7.8,2.2,0.35,0,0.28,0,0,0,2.9,0.38,20.12,107,6,High,Moderate,Medium,Low,Medium,Fair,Good,Mixed,No,Not Addicted
20,Male,10.5,12.1,3.5,0.22,0,0.15,0,0,0,5.2,0.28,31.63,120,7,High,Immediate,Low,High,High,Fair,Average,Entertainment,Yes,Addicted
21,Female,4.8,5.5,1.4,0.58,0,0.42,0,0,0,1.6,0.55,14.53,78,4.5,Medium,Moderate,High,Low,Low,Good,Good,Mixed,No,Not Addicted
22,Female,11.3,13.2,4.5,0.1,0,0.08,0,0,0,6.1,0.18,35.38,130,7.3,Very High,Immediate,Low,Very High,Very High,Poor,Below Average,Entertainment,Yes,Addicted
18,Male,3.2,3.8,0.7,0.68,0,0.55,0,0,0,0.9,0.72,10.22,58,3.2,Medium,Slow,High,Low,Low,Excellent,Excellent,Mixed,No,Not Addicted
19,Female,6.5,7.8,2.2,0.35,0,0.28,0,0,0,2.9,0.38,20.12,107,6,High,Moderate,Medium,Low,Medium,Fair,Good,Mixed,No,Not Addicted
20,Male,10.5,12.1,3.5,0.22,0,0.15,0,0,0,5.2,0.28,31.63,120,7,High,Immediate,Low,High,High,Fair,Average,Entertainment,Yes,Addicted
21,Female,4.8,5.5,1.4,0.58,0,0.42,0,0,0,1.6,0.55,14.53,78,4.5,Medium,Moderate,High,Low,Low,Good,Good,Mixed,No,Not Addicted
22,Female,11.3,13.2,4.5,0.1,0,0.08,0,0,0,6.1,0.18,35.38,130,7.3,Very High,Immediate,Low,Very High,Very High,Poor,Below Average,Entertainment,Yes,Addicted
18,Male,3.2,3.8,0.7,0.68,0,0.55,0,0,0,0.9,0.72,10.22,58,3.2,Medium,Slow,High,Low,Low,Excellent,Excellent,Mixed,No,Not Addicted
19,Female,6.5,7.8,2.2,0.35,0,0.28,0,0,0,2.9,0.38,20.12,107,6,High,Moderate,Medium,Low,Medium,Fair,Good,Mixed,No,Not Addicted
20,Male,10.5,12.1,3.5,0.22,0,0.15,0,0,0,5.2,0.28,31.63,120,7,High,Immediate,Low,High,High,Fair,Average,Entertainment,Yes,Addicted
21,Female,4.8,5.5,1.4,0.58,0,0.42,0,0,0,1.6,0.55,14.53,78,4.5,Medium,Moderate,High,Low,Low,Good,Good,Mixed,No,Not Addicted
22,Female,11.3,13.2,4.5,0.1,0,0.08,0,0,0,6.1,0.18,35.38,130,7.3,Very High,Immediate,Low,Very High,Very High,Poor,Below Average,Entertainment,Yes,Addicted
18,Male,3.2,3.8,0.7,0.68,0,0.55,0,0,0,0.9,0.72,10.22,58,3.2,Medium,Slow,High,Low,Low,Excellent,Excellent,Mixed,No,Not Addicted
19,Female,6.5,7.8,2.2,0.35,0,0.28,0,0,0,2.9,0.38,20.12,107,6,High,Moderate,Medium,Low,Medium,Fair,Good,Mixed,No,Not Addicted
20,Male,10.5,12.1,3.5,0.22,0,0.15,0,0,0,5.2,0.28,31.63,120,7,High,Immediate,Low,High,High,Fair,Average,Entertainment,Yes,Addicted
21,Female,4.8,5.5,1.4,0.58,0,0.42,0,0,0,1.6,0.55,14.53,78,4.5,Medium,Moderate,High,Low,Low,Good,Good,Mixed,No,Not Addicted
22,Female,11.3,13.2,4.5,0.1,0,0.08,0,0,0,6.1,0.18,35.38,130,7.3,Very High,Immediate,Low,Very High,Very High,Poor,Below Average,Entertainment,Yes,Addicted
18,Male,3.2,3.8,0.7,0.68,0,0.55,0,0,0,0.9,0.72,10.22,58,3.2,Medium,Slow,High,Low,Low,Excellent,Excellent,Mixed,No,Not Addicted
19,Female,6.5,7.8,2.2,0.35,0,0.28,0,0,0,2.9,0.38,20.12,107,6,High,Moderate,Medium,Low,Medium,Fair,Good,Mixed,No,Not Addicted
20,Male,10.5,12.1,3.5,0.22,0,0.15,0,0,0,5.2,0.28,31.63,120,7,High,Immediate,Low,High,High,Fair,Average,Entertainment,Yes,Addicted
21,Female,4.8,5.5,1.4,0.58,0,0.42,0,0,0,1.6,0.55,14.53,78,4.5,Medium,Moderate,High,Low,Low,Good,Good,Mixed,No,Not Addicted
22,Female,11.3,13.2,4.5,0.1,0,0.08,0,0,0,6.1,0.18,35.38,130,7.3,Very High,Immediate,Low,Very High,Very High,Poor,Below Average,Entertainment,Yes,Addicted
18,Male,3.2,3.8,0.7,0.68,0,0.55,0,0,0,0.9,0.72,10.22,58,3.2,Medium,Slow,High,Low,Low,Excellent,Excellent,Mixed,No,Not Addicted
19,Female,6.5,7.8,2.2,0.35,0,0.28,0,0,0,2.9,0.38,20.12,107,6,High,Moderate,Medium,Low,Medium,Fair,Good,Mixed,No,Not Addicted
20,Male,10.5,12.1,3.5,0.22,0,0.15,0,0,0,5.2,0.28,31.63,120,7,High,Immediate,Low,High,High,Fair,Average,Entertainment,Yes,Addicted
21,Female,4.8,5.5,1.4,0.58,0,0.42,0,0,0,1.6,0.55,14.53,78,4.5,Medium,Moderate,High,Low,Low,Good,Good,Mixed,No,Not Addicted
22,Female,11.3,13.2,4.5,0.1,0,0.08,0,0,0,6.1,0.18,35.38,130,7.3,Very High,Immediate,Low,Very High,Very High,Poor,Below Average,Entertainment,Yes,Addicted
18,Male,3.2,3.8,0.7,0.68,0,0.55,0,0,0,0.9,0.72,10.22,58,3.2,Medium,Slow,High,Low,Low,Excellent,Excellent,Mixed,No,Not Addicted
19,Female,6.5,7.8,2.2,0.35,0,0.28,0,0,0,2.9,0.38,20.12,107,6,High,Moderate,Medium,Low,Medium,Fair,Good,Mixed,No,Not Addicted
20,Male,10.5,12.1,3.5,0.22,0,0.15,0,0,0,5.2,0.28,31.63,120,7,High,Immediate,Low,High,High,Fair,Average,Entertainment,Yes,Addicted
21,Female,4.8,5.5,1.4,0.58,0,0.42,0,0,0,1.6,0.55,14.53,78,4.5,Medium,Moderate,High,Low,Low,Good,Good,Mixed,No,Not Addicted
22,Female,11.3,13.2,4.5,0.1,0,0.08,0,0,0,6.1,0.18,35.38,130,7.3,Very High,Immediate,Low,Very High,Very High,Poor,Below Average,Entertainment,Yes,Addicted
18,Male,3.2,3.8,0.7,0.68,0,0.55,0,0,0,0.9,0.72,10.22,58,3.2,Medium,Slow,High,Low,Low,Excellent,Excellent,Mixed,No,Not Addicted
19,Female,6.5,7.8,2.2,0.35,0,0.28,0,0,0,2.9,0.38,20.12,107,6,High,Moderate,Medium,Low,Medium,Fair,Good,Mixed,No,Not Addicted
20,Male,10.5,12.1,3.5,0.22,0,0.15,0,0,0,5.2,0.28,31.63,120,7,High,Immediate,Low,High,High,Fair,Average,Entertainment,Yes,Addicted
21,Female,4.8,5.5,1.4,0.58,0,0.42,0,0,0,1.6,0.55,14.53,78,4.5,Medium,Moderate,High,Low,Low,Good,Good,Mixed,No,Not Addicted
22,Female,11.3,13.2,4.5,0.1,0,0.08,0,0,0,6.1,0.18,35.38,130,7.3,Very High,Immediate,Low,Very High,Very High,Poor,Below Average,Entertainment,Yes,Addicted
18,Male,3.2,3.8,0.7,0.68,0,0.55,0,0,0,0.9,0.72,10.22,58,3.2,Medium,Slow,High,Low,Low,Excellent,Excellent,Mixed,No,Not Addicted
19,Female,6.5,7.8,2.2,0.35,0,0.28,0,0,0,2.9,0.38,20.12,107,6,High,Moderate,Medium,Low,Medium,Fair,Good,Mixed,No,Not Addicted
20,Male,10.5,12.1,3.5,0.22,0,0.15,0,0,0,5.2,0.28,31.63,120,7,High,Immediate,Low,High,High,Fair,Average,Entertainment,Yes,Addicted
21,Female,4.8,5.5,1.4,0.58,0,0.42,0,0,0,1.6,0.55,14.53,78,4.5,Medium,Moderate,High,Low,Low,Good,Good,Mixed,No,Not Addicted
22,Female,11.3,13.2,4.5,0.1,0,0.08,0,0,0,6.1,0.18,35.38,130,7.3,Very High,Immediate,Low,Very High,Very High,Poor,Below Average,Entertainment,Yes,Addicted
18,Male,3.2,3.8,0.7,0.68,0,0.55,0,0,0,0.9,0.72,10.22,58,3.2,Medium,Slow,High,Low,Low,Excellent,Excellent,Mixed,No,Not Addicted
19,Female,6.5,7.8,2.2,0.35,0,0.28,0,0,0,2.9,0.38,20.12,107,6,High,Moderate,Medium,Low,Medium,Fair,Good,Mixed,No,Not Addicted
20,Male,10.5,12.1,3.5,0.22,0,0.15,0,0,0,5.2,0.28,31.63,120,7,High,Immediate,Low,High,High,Fair,Average,Entertainment,Yes,Addicted
21,Female,4.8,5.5,1.4,0.58,0,0.42,0,0,0,1.6,0.55,14.53,78,4.5,Medium,Moderate,High,Low,Low,Good,Good,Mixed,No,Not Addicted
22,Female,11.3,13.2,4.5,0.1,0,0.08,0,0,0,6.1,0.18,35.38,130,7.3,Very High,Immediate,Low,Very High,Very High,Poor,Below Average,Entertainment,Yes,Addicted
18,Male,3.2,3.8,0.7,0.68,0,0.55,0,0,0,0.9,0.72,10.22,58,3.2,Medium,Slow,High,Low,Low,Excellent,Excellent,Mixed,No,Not Addicted
19,Female,6.5,7.8,2.2,0.35,0,0.28,0,0,0,2.9,0.38,20.12,107,6,High,Moderate,Medium,Low,Medium,Fair,Good,Mixed,No,Not Addicted
20,Male,10.5,12.1,3.5,0.22,0,0.15,0,0,0,5.2,0.28,31.63,120,7,High,Immediate,Low,High,High,Fair,Average,Entertainment,Yes,Addicted
21,Female,4.8,5.5,1.4,0.58,0,0.42,0,0,0,1.6,0.55,14.53,78,4.5,Medium,Moderate,High,Low,Low,Good,Good,Mixed,No,Not Addicted
22,Female,11.3,13.2,4.5,0.1,0,0.08,0,0,0,6.1,0.18,35.38,130,7.3,Very High,Immediate,Low,Very High,Very High,Poor,Below Average,Entertainment,Yes,Addicted
18,Male,3.2,3.8,0.7,0.68,0,0.55,0,0,0,0.9,0.72,10.22,58,3.2,Medium,Slow,High,Low,Low,Excellent,Excellent,Mixed,No,Not Addicted
19,Female,6.5,7.8,2.2,0.35,0,0.28,0,0,0,2.9,0.38,20.12,107,6,High,Moderate,Medium,Low,Medium,Fair,Good,Mixed,No,Not Addicted
20,Male,10.5,12.1,3.5,0.22,0,0.15,0,0,0,5.2,0.28,31.63,120,7,High,Immediate,Low,High,High,Fair,Average,Entertainment,Yes,Addicted
21,Female,4.8,5.5,1.4,0.58,0,0.42,0,0,0,1.6,0.55,14.53,78,4.5,Medium,Moderate,High,Low,Low,Good,Good,Mixed,No,Not Addicted
22,Female,11.3,13.2,4.5,0.1,0,0.08,0,0,0,6.1,0.18,35.38,130,7.3,Very High,Immediate,Low,Very High,Very High,Poor,Below Average,Entertainment,Yes,Addicted
18,Male,3.2,3.8,0.7,0.68,0,0.55,0,0,0,0.9,0.72,10.22,58,3.2,Medium,Slow,High,Low,Low,Excellent,Excellent,Mixed,No,Not Addicted
